-- MySQL dump 10.13  Distrib 5.7.24, for osx10.9 (x86_64)
--
-- Host: 203.57.115.186    Database: library
-- ------------------------------------------------------
-- Server version	8.0.42-0ubuntu0.22.04.1

/*!40101 SET @OLD_CHARACTER_SET_CLIENT=@@CHARACTER_SET_CLIENT */;
/*!40101 SET @OLD_CHARACTER_SET_RESULTS=@@CHARACTER_SET_RESULTS */;
/*!40101 SET @OLD_COLLATION_CONNECTION=@@COLLATION_CONNECTION */;
/*!40101 SET NAMES utf8 */;
/*!40103 SET @OLD_TIME_ZONE=@@TIME_ZONE */;
/*!40103 SET TIME_ZONE='+00:00' */;
/*!40014 SET @OLD_UNIQUE_CHECKS=@@UNIQUE_CHECKS, UNIQUE_CHECKS=0 */;
/*!40014 SET @OLD_FOREIGN_KEY_CHECKS=@@FOREIGN_KEY_CHECKS, FOREIGN_KEY_CHECKS=0 */;
/*!40101 SET @OLD_SQL_MODE=@@SQL_MODE, SQL_MODE='NO_AUTO_VALUE_ON_ZERO' */;
/*!40111 SET @OLD_SQL_NOTES=@@SQL_NOTES, SQL_NOTES=0 */;

--
-- Table structure for table `admin`
--

DROP TABLE IF EXISTS `admin`;
/*!40101 SET @saved_cs_client     = @@character_set_client */;
/*!40101 SET character_set_client = utf8 */;
CREATE TABLE `admin` (
  `id` int NOT NULL AUTO_INCREMENT,
  `FullName` varchar(100) DEFAULT NULL,
  `AdminEmail` varchar(120) DEFAULT NULL,
  `UserName` varchar(100) NOT NULL,
  `Password` varchar(100) NOT NULL,
  `updationDate` timestamp NOT NULL DEFAULT '0000-00-00 00:00:00' ON UPDATE CURRENT_TIMESTAMP,
  PRIMARY KEY (`id`)
) ENGINE=InnoDB AUTO_INCREMENT=2 DEFAULT CHARSET=latin1;
/*!40101 SET character_set_client = @saved_cs_client */;

--
-- Dumping data for table `admin`
--

/*!40000 ALTER TABLE `admin` DISABLE KEYS */;
INSERT INTO `admin` VALUES (1,'Kumar Pandule','kumarpandule@gmail.com','admin','e6e061838856bf47e1de730719fb2609','2021-06-28 16:06:08');
/*!40000 ALTER TABLE `admin` ENABLE KEYS */;

--
-- Table structure for table `tblauthors`
--

DROP TABLE IF EXISTS `tblauthors`;
/*!40101 SET @saved_cs_client     = @@character_set_client */;
/*!40101 SET character_set_client = utf8 */;
CREATE TABLE `tblauthors` (
  `id` int NOT NULL AUTO_INCREMENT,
  `AuthorName` varchar(159) DEFAULT NULL,
  `creationDate` timestamp NULL DEFAULT CURRENT_TIMESTAMP,
  `UpdationDate` timestamp NULL DEFAULT NULL ON UPDATE CURRENT_TIMESTAMP,
  PRIMARY KEY (`id`)
) ENGINE=InnoDB AUTO_INCREMENT=470 DEFAULT CHARSET=latin1;
/*!40101 SET character_set_client = @saved_cs_client */;

--
-- Dumping data for table `tblauthors`
--

/*!40000 ALTER TABLE `tblauthors` DISABLE KEYS */;
INSERT INTO `tblauthors` VALUES (1,'Ven. Rerukane chandavimala','2024-10-14 11:56:46',NULL),(2,'Chien, Feng-wen','2024-10-14 11:57:43',NULL),(3,'Aarya Kirthi Kumarasena','2024-10-14 12:50:16',NULL),(4,'Narada Maha Thero','2024-10-14 12:51:26',NULL),(7,'Edited Mathew E. Bunson','2025-03-20 02:18:44',NULL),(11,'Ajan Chah','2025-03-20 02:30:47',NULL),(14,'Buddhist Cultural Centre','2025-03-20 02:46:00',NULL),(17,'Narada Thero','2025-03-23 09:26:54',NULL),(18,'Bhikkhu K. Nanananda','2025-03-23 09:34:10',NULL),(19,'Ve, Dhammagavesi, Rajakiya panditha, M','2025-03-23 09:37:11',NULL),(20,'Polwaththe Buddhadaththa, Agga Maha Panditha.','2025-03-23 09:39:58',NULL),(21,'Dorjee, Yeshi . Edited by Major, John. S','2025-03-23 09:43:32',NULL),(22,'Ven K.Sri Dhammananda','2025-03-25 02:56:35',NULL),(23,'Peter Della Santina','2025-03-25 03:08:11',NULL),(24,'Ashin janakabhiwamsa','2025-03-25 03:18:53',NULL),(25,'Ajahn Sucitto and Nick scott','2025-03-25 03:38:39',NULL),(26,'Ven.Ajahn Chah','2025-03-25 03:41:54',NULL),(27,'Ven. Weragoda Sarada maha thero','2025-03-25 03:46:39',NULL),(28,'Pat Chapman','2025-03-25 03:50:58',NULL),(29,'Ajahn Amaro','2025-03-25 03:53:30',NULL),(31,'Thera Piyadassi','2025-03-25 04:45:36',NULL),(32,'edit','2025-03-25 05:05:04',NULL),(33,'Ajan Sucitto','2025-03-25 05:08:40',NULL),(34,'Ven.Dr.K Sri Dhammananda','2025-03-25 05:26:15',NULL),(38,'Ajahn sucitto','2025-03-28 05:48:30',NULL),(39,'By monks and nuns 0f the theravada forest sangha tradition','2025-03-28 06:07:35',NULL),(40,'Ven.Weragoda sarada maha threo','2025-03-28 06:17:47',NULL),(41,'Ppeter della santina','2025-03-28 06:33:32',NULL),(42,'Jenzin palmo','2025-03-28 06:55:39',NULL),(43,'Phra ajaan dune atulo','2025-03-28 07:01:51',NULL),(44,'Rerukane chandavimala mahanahimi','2025-03-28 07:06:03',NULL),(45,'Sri kalyanadharma granthakara mandalaya','2025-03-28 07:11:52',NULL),(46,'V.F.Gunaratne','2025-03-28 07:18:31',NULL),(47,'Ven.Ridiyagama Sumanawansa thero','2025-03-28 07:32:45',NULL),(48,'Matthew E.Bunson','2025-03-28 07:37:52',NULL),(49,'Ajahn anan','2025-03-28 07:40:20',NULL),(50,'Ty Lee','2025-03-28 09:05:52',NULL),(51,'Dr.Phil Mcgraw','2025-03-28 09:11:37',NULL),(52,'Dalai Lama','2025-03-28 09:24:59',NULL),(53,'Thanissaro bhikkhu','2025-03-28 09:29:49',NULL),(54,'Ajahn Kalyano','2025-03-28 09:34:40',NULL),(55,'Ven.Achariya maha boowa','2025-03-28 09:42:36',NULL),(56,'Ven .Panaduwa Khemananda thero','2025-03-28 11:50:02',NULL),(57,'Sarath Ranaveera','2025-03-28 11:54:44',NULL),(58,'Daya Rohana Athukorala','2025-03-28 11:59:36',NULL),(59,'Ven.Dorowwe Gnanarathana thero','2025-03-28 12:04:00',NULL),(60,'Ven.Mathara Sri Gnanarama Thero','2025-03-28 12:10:19',NULL),(61,'Bhikkhu N.Gnanananda','2025-03-28 12:14:59',NULL),(62,'Acariya Maha Boowa Gnanasampanno','2025-03-28 12:27:09',NULL),(63,'Ven.Thubten Chodron','2025-03-28 12:37:26',NULL),(64,'Bhikkhu Katukurunde Gnanananda','2025-03-28 12:41:47',NULL),(72,'Ajahn sumedho','2025-03-28 13:27:56',NULL),(75,'Ven. Master Chin kung','2025-03-28 13:52:39',NULL),(76,'Ven. Ajahn Chah','2025-03-28 13:56:46',NULL),(77,'Arya kirthi kumarasena','2025-03-28 13:59:54',NULL),(93,'ven.Panaduwe Khamananda thero','2025-04-08 23:53:58',NULL),(94,'Ajaan dick silaratano','2025-04-09 07:18:41',NULL),(95,'Ajahn Thiradhammo','2025-04-09 07:34:09',NULL),(96,'Luangpor Teean','2025-04-09 07:58:06',NULL),(97,'Ven. Bhikkhu Buddharakkhita','2025-04-09 08:04:52',NULL),(98,'edit ','2025-04-09 08:09:22',NULL),(99,'Edited by Bhikkhu Pesala','2025-04-09 08:18:34',NULL),(100,'edit ','2025-04-09 08:22:26',NULL),(101,'Translated by Rani Senarathne Rajapaksha','2025-04-09 08:34:13',NULL),(102,'Ven.Dampe Vijitharathana thero','2025-04-09 08:37:12',NULL),(103,'Ven. Minuwangoda Wimalabuddhi thero','2025-04-09 08:39:39',NULL),(104,'Ven.Narada thero','2025-04-09 08:41:02','2025-04-09 11:02:21'),(105,'edit  ','2025-04-09 08:51:20',NULL),(106,'Ven.Minuwangoda Wimalabuddhi thero','2025-04-09 08:55:20',NULL),(107,'Ajahn Jayasaro','2025-04-09 09:00:46',NULL),(108,'Bhikkhu Katukurunde Gnanananda ','2025-04-09 09:26:18',NULL),(109,'Bhikkhu Katukurunde Gnanananda ','2025-04-09 09:27:52',NULL),(110,'Bhikkhu Katukurunde Gnanananda ','2025-04-09 09:31:31',NULL),(111,'Bhikkhu Katukurunde Gnanananda ','2025-04-09 09:38:42',NULL),(112,'Bhikkhu Brahmali ','2025-04-09 10:58:00',NULL),(113,'Ajahn munindo','2025-04-09 11:04:51',NULL),(114,'S.Dhammika','2025-04-09 11:07:54',NULL),(116,'Bhante S.Dhammika ','2025-04-09 11:13:24',NULL),(117,'Ven.Dr.K Sri Dhammananda ','2025-04-09 11:16:21',NULL),(118,'Rerukane chandavimala mahanahimi ','2025-04-09 12:12:39',NULL),(119,'Thich Nhat Hanh','2025-04-09 12:15:28',NULL),(120,'Bhikkhu Katukurunde Gnanananda ','2025-04-09 12:18:53',NULL),(121,'Ven.Ajahn Sumedho','2025-04-09 12:22:24',NULL),(122,'Ven.Panadure Chandarathana thero','2025-04-09 12:24:49',NULL),(123,'Ven.Maha si Sayado thera','2025-04-09 12:29:51',NULL),(124,'Ven.U Pandithabhiwansa sayado thera','2025-04-09 12:32:05',NULL),(125,'Sri Kalyana Dharma Granthkara Mandalaya','2025-04-09 12:34:45',NULL),(126,'Ven.Na Uyane Ariyadhamma thero','2025-04-09 12:37:39',NULL),(127,'Rerukane chandavimala mahanahimi ','2025-04-09 23:52:14',NULL),(128,'Rerukane chandavimala mahanahimi  ','2025-04-09 23:53:37',NULL),(129,'Ven.Dr.K Sri Dhammananda ','2025-04-09 23:56:15',NULL),(130,'Luang Por Liem Thitadhammo','2025-04-09 23:59:51',NULL),(131,'Ven.Medagoda Jinasekara thero','2025-04-10 00:02:28',NULL),(132,'Ajahn Anan Akincano','2025-04-10 00:04:50',NULL),(133,'Ajahn Pasanno/Ajahn Amaro','2025-04-10 00:22:34',NULL),(134,'Pa Awuk Seyado threra','2025-04-10 00:25:34',NULL),(135,'Mathara sri Gnanarama mahathera','2025-04-10 00:28:26',NULL),(136,'Sathjana samaja sanwardhana padanama','2025-04-10 00:30:46',NULL),(137,'Translated by Pradeep kumara balasuriya','2025-04-10 00:42:03',NULL),(139,'Arya kirthi kumarasena    ','2025-04-10 01:05:04',NULL),(140,'Banthe Yogawachara Rahula','2025-04-10 01:18:59',NULL),(141,'Rerukane chandavimala mahanahimi      ','2025-04-10 01:21:21',NULL),(142,'Rerukane chandavimala mahanahimi         ','2025-04-10 01:22:50',NULL),(143,'Ven.Na Uyane Ariyadhamma thero    ','2025-04-10 01:25:06',NULL),(144,'Rerukane chandavimala mahanahimi           ','2025-04-10 01:27:15',NULL),(145,'Acariya Maha Boowa nanasampanno','2025-04-10 01:30:18',NULL),(146,'By Forest Dhamma Books','2025-04-10 01:33:20',NULL),(147,'Ven.P.Seevalee thero','2025-04-10 02:14:30',NULL),(148,'Lillian Too','2025-04-10 02:17:10',NULL),(149,'Dr.Seuss','2025-04-10 02:43:34',NULL),(150,'Dayarathna Ranasingha','2025-04-10 02:46:21',NULL),(151,'Shashi Jain','2025-04-10 02:50:03',NULL),(152,'Neel Kiriella','2025-04-10 02:52:55',NULL),(153,'Ajahn Amaro   ','2025-04-10 07:15:44',NULL),(154,'Multiple','2025-04-10 07:17:57',NULL),(155,'Bhikkhu Bodhi','2025-04-10 07:24:05',NULL),(156,'Ajaan maha buwa Nyanasampanno','2025-04-10 07:27:55',NULL),(157,'Ajahn Amaro      ','2025-04-10 07:30:07',NULL),(158,'D.C. Ahir','2025-04-10 08:14:48',NULL),(159,'Mark Zocchi','2025-04-10 08:23:02',NULL),(160,'Ven.Ajahn Chah     ','2025-04-10 08:25:53',NULL),(161,'Paul Breiter','2025-04-10 08:30:08',NULL),(162,'Ven.Ajahn Chah          ','2025-04-10 08:37:56',NULL),(163,'Ven.H.Gunarathana Mahathera','2025-04-10 08:42:39',NULL),(164,'Thanissaro bhikkhu   ','2025-04-10 10:57:29',NULL),(165,'Mark Tredinnick','2025-04-10 11:00:19',NULL),(166,'Dalai Lama &Howard c. Cutler. M.D','2025-04-10 11:03:54',NULL),(167,'Ven. UdaEriyagama Dhammajiwa Maha thero','2025-04-10 11:54:23',NULL),(168,'Ven.Ajahn Chah               ','2025-04-10 11:57:22',NULL),(169,'Ven. UdaEriyagama Dhammajiwa Maha thero        ','2025-04-10 12:02:22',NULL),(170,'Ven.Ajahn Chah                ','2025-04-10 12:04:00',NULL),(171,'Bhikkhu Dick Silaratano','2025-04-10 12:06:11',NULL),(172,'Ajahn Dtun','2025-04-10 12:07:43',NULL),(173,'U.D. Jayasekera','2025-04-10 12:20:29',NULL),(175,'Lily de silva','2025-04-10 12:26:40',NULL),(176,'Dhammavuddho thero','2025-04-10 12:31:00',NULL),(177,'Master Thich Tinh Dao','2025-04-10 12:35:52',NULL),(178,'Bhikkhu Katukurunde Gnanananda      ','2025-04-10 12:38:29',NULL),(179,'H. Rider Haggard','2025-04-10 12:43:22',NULL),(180,'Ven.Dr.K Sri Dhammananda       ','2025-04-11 11:01:24',NULL),(181,'Ajahn Chandako','2025-04-11 11:03:10',NULL),(182,'Ven. Piyadassi thera','2025-04-11 11:05:37',NULL),(184,'edit       ','2025-04-11 11:31:24',NULL),(185,'Ven. Thalalle Chandakiththi Thera','2025-04-11 11:35:04',NULL),(186,'Ajaan Fuang Jothiko','2025-04-11 11:38:00',NULL),(187,'Ajahn Sumedho, Ajahn Santacitto, Ajahn Anando, Ajah Sucitto     ','2025-04-11 11:40:53',NULL),(188,'Elder yuan chin lee','2025-04-11 11:43:19',NULL),(189,'Ven. Dhammavudho Thero','2025-04-11 11:45:17',NULL),(190,'edited by Tavivat Puntarigvivat and Bhikkhu Nirodho','2025-04-11 22:34:23',NULL),(191,'Ven. Dhammavasa thero','2025-04-11 22:37:36',NULL),(192,'Hellmuth Hecker','2025-04-11 22:42:21',NULL),(193,'Mahinda Wijesinghe and Dr. Sarath Amerasekera','2025-04-11 22:48:37',NULL),(194,'Udayaraja alahakone','2025-04-11 22:59:04',NULL),(195,'Suvimalee Karunaratna','2025-04-11 23:00:34',NULL),(196,'Manel Ranathunga','2025-04-11 23:12:50',NULL),(197,'Edited by Harendra Ranasingha','2025-04-11 23:19:35',NULL),(198,'Acharya Buddharakkhitha','2025-04-11 23:23:20',NULL),(199,'Ven. Acariya Maha boowa Nanasampanno','2025-04-11 23:45:50',NULL),(200,'Paster W. E Jackel','2025-04-11 23:53:58',NULL),(201,'Kensur Lekden','2025-04-11 23:56:36',NULL),(202,'Bible society','2025-04-12 00:00:41',NULL),(203,'Radhika Abesekera','2025-04-12 00:07:16',NULL),(204,'Nyanathiloka mahathera','2025-04-12 00:09:27',NULL),(205,'Subash Wikramasinghe','2025-04-12 00:10:45',NULL),(206,'Ven. Ajahn Sumedho','2025-04-12 00:13:39',NULL),(207,'Erich Fromm','2025-04-12 00:15:56',NULL),(208,'Ven. Ajahn Sucitto','2025-04-12 22:16:53',NULL),(210,'Ven. Ajahn Amaro','2025-04-12 22:25:34',NULL),(211,'Ven.Ajahn sucitto','2025-04-21 04:37:11',NULL),(212,'Inward path (Malaysia)','2025-04-21 04:39:48',NULL),(213,'edit          ','2025-04-21 04:41:54',NULL),(214,'Ven.Thera Piyadassi','2025-04-21 04:43:27',NULL),(215,'Ajahn Sucitto     ','2025-04-21 04:46:35',NULL),(216,'edit              ','2025-04-21 04:49:19',NULL),(217,'Ajahn munindo     ','2025-04-21 04:50:46',NULL),(218,'Ven. Dr I. Indasara','2025-04-21 04:53:01',NULL),(219,'Ajahn Jayasaro             ','2025-04-21 04:55:02',NULL),(220,'Ajahn Anan    ','2025-04-21 04:56:14',NULL),(221,'By Ven.Piyadassi','2025-04-21 04:58:13',NULL),(222,'Ven.Dr.K Sri Dhammananda           ','2025-04-21 05:01:55',NULL),(223,'Ven. Piyadassi thera     ','2025-04-21 05:03:04',NULL),(224,'T Y lee','2025-04-21 05:04:46',NULL),(225,'Ven.Dr.K Sri Dhammananda                ','2025-04-21 05:06:16',NULL),(226,'Thorsons','2025-04-21 05:08:15',NULL),(228,'Ven. Nauyane Ariyadhamma','2025-04-21 05:49:31',NULL),(229,'edit                 ','2025-04-21 05:50:49',NULL),(230,'John Myrdhin Reynolds','2025-04-21 05:52:37',NULL),(231,'Ven K.Sri Dhammananda    ','2025-04-21 05:53:41',NULL),(232,'Ven. P.Gnanarama','2025-04-21 05:55:14',NULL),(233,'Ven.Ridiyagama Sudhammabhiwansa thero','2025-04-21 12:00:35',NULL),(234,'Ven.Ellawala Wijithananda thero','2025-04-21 12:02:08',NULL),(235,'Ven.K Gnanananda thero','2025-04-21 12:05:33',NULL),(236,'Steve Parker','2025-04-21 12:08:07',NULL),(237,'Ven.Ranasgalle Siddhartha thero','2025-04-21 12:09:53',NULL),(238,'Ven.Gangodavila Soma thero','2025-04-21 12:11:06',NULL),(239,'R.Gamini gunasiri','2025-04-21 12:14:20',NULL),(240,'Ven.katukurunde Gnanananda thero','2025-04-21 22:54:02',NULL),(242,'Asoka malimage','2025-04-21 22:56:22',NULL),(243,'W.Sugathadasa                       ','2025-04-21 22:58:15',NULL),(244,'Bhikkhu Katukurunde Gnanananda                                     ','2025-04-21 22:59:22',NULL),(245,'Bhikkhu Katukurunde Gnanananda                                                                        ','2025-04-21 23:00:50',NULL),(248,'Ven.Mankadawala Sudassana thero','2025-04-21 23:11:18',NULL),(249,'Bhikkhu Silaratano','2025-04-21 23:13:11',NULL),(250,'Ven.Ellawala Vijithananda thero','2025-04-21 23:14:09',NULL),(251,'Ven.Mdihe Pagnagnaseeha Thero','2025-04-21 23:14:59',NULL),(252,'P.A.Payutto','2025-04-21 23:17:01',NULL),(253,'Ven.medagoda Abhayathissa thero','2025-04-21 23:18:24',NULL),(254,'Ven. kotugoda Dhammawasa thero','2025-04-24 06:04:21',NULL),(255,'Ven. Thalalle chandakiththi thero','2025-04-24 06:05:46',NULL),(256,'Ven.Pitigala Gunarathana thero','2025-04-24 06:07:03',NULL),(257,'Ven.thalalle chandakiththi thero','2025-04-24 06:08:19',NULL),(258,'Ven.KAhagolle Somawamsa thero','2025-04-24 11:33:29',NULL),(261,'edit ','2025-04-24 11:35:58',NULL),(262,'Siriwimala muthukumarana','2025-04-24 11:36:52',NULL),(263,'Ven.Mederipitiye chandawansa thero','2025-04-24 11:37:45',NULL),(264,'Ven.Pathberiye Kashyapa thero','2025-04-24 11:38:36',NULL),(265,'Indrajith subasingha','2025-04-24 11:40:32',NULL),(269,'Denagama siriwardena','2025-04-24 11:43:43',NULL),(270,'Ven.Ambalangoda Sumedhananda thero','2025-04-24 11:46:45',NULL),(271,'T.PKulathunga','2025-04-24 11:48:20',NULL),(272,'Ven.Madihe Pagngnasiha thero','2025-04-24 11:49:41',NULL),(273,'Ven.Weligama Gnanarathana thero','2025-04-24 11:50:45',NULL),(274,'Ven.Welimada Pasanna manasa thero','2025-04-24 11:51:32',NULL),(275,'Ven.Ajahn Brahm','2025-04-24 11:53:21',NULL),(276,'Ven.Pinikahane Gnanawasa thero','2025-04-24 11:54:17',NULL),(277,'Dhammika niroshani gamage','2025-04-24 11:55:01',NULL),(278,'Dr.Thynn thynn','2025-04-24 11:56:17',NULL),(279,'Ven.Iththepane dhammalankara thero','2025-04-24 11:58:21',NULL),(280,'Bhikkhu Ananda','2025-04-24 11:59:51',NULL),(281,'Ven.pahamune Sri sumangala thero','2025-04-24 12:00:54',NULL),(283,'Ven.Rerukane chandawimala nahimi','2025-04-24 12:03:28',NULL),(284,'Gamini kariyawasam','2025-04-24 12:04:04',NULL),(285,'Ven.Paragasthota Sudhamma thero','2025-04-24 12:04:48',NULL),(287,'Kanthi helapita samarasingha','2025-04-24 12:07:02',NULL),(290,'Ven.Muwagama Gnanaseeha thero','2025-04-25 04:59:28',NULL),(291,'S.I. Gamage','2025-04-25 05:02:29',NULL),(294,'Ven.U wimalaramsi','2025-04-26 03:52:48',NULL),(295,'Sunethramahadevi daham pasala','2025-04-26 03:56:08',NULL),(296,'Chris Kunz','2025-04-26 03:57:10',NULL),(297,'Ven.Ajahn Brahmwanso','2025-04-26 03:58:24',NULL),(298,'Ven.Kirinde sr dhammananda thero','2025-04-26 11:44:44',NULL),(299,'Gamini kariyawasam','2025-04-26 11:45:58',NULL),(300,'Gayan abesingha','2025-04-26 11:48:52',NULL),(303,'Ven.Walpola Rahula thero','2025-04-26 11:54:10',NULL),(304,'Ven.Dammajiwa thero','2025-04-26 11:54:47',NULL),(305,'Herath bandara illagolla','2025-04-26 11:55:26',NULL),(306,'edit       ','2025-04-26 11:58:18',NULL),(307,'Sayadaw u jotika','2025-04-26 12:05:10',NULL),(308,'Kampol thongbunnum','2025-04-26 12:09:57',NULL),(309,'Luang por thate','2025-04-26 12:12:53',NULL),(310,'Kumara de silva','2025-04-26 12:18:24',NULL),(311,'Ven.Achariya maha boowa ','2025-04-27 23:41:41',NULL),(312,'Buddhadasa bhikkhu','2025-04-27 23:42:15',NULL),(313,'Thubten chdron','2025-04-27 23:43:03',NULL),(314,'Piyatan','2025-04-27 23:43:49',NULL),(316,'Ajahn wancai','2025-04-27 23:46:51',NULL),(317,'Ven. Ajahn anan','2025-04-27 23:49:30',NULL),(318,'Ven. K Rathanasara thero','2025-04-27 23:50:23',NULL),(319,'Mr. Siribuddhasukh','2025-04-27 23:52:01',NULL),(321,'Roger wheeler','2025-04-27 23:57:03',NULL),(322,'Palitha mapatuna','2025-04-27 23:59:15',NULL),(323,'Prince Vajirananavarorasa','2025-04-28 00:01:05',NULL),(324,'Nyanaponika thera','2025-04-28 00:02:06',NULL),(325,'Athula Sibera','2025-04-28 07:54:43',NULL),(326,'Ajahn Suchart Abhijato','2025-04-28 07:56:00',NULL),(327,'Ernest M. Bowden','2025-04-28 07:57:18',NULL),(328,'Ven.Dhammajiwa thero','2025-04-28 07:59:08',NULL),(329,'Arthur C. Clarke','2025-04-28 08:01:11',NULL),(330,'MAhabhuwa gnanasampanno','2025-04-28 08:02:32',NULL),(331,'Sayado U. Pandita','2025-04-28 08:03:49',NULL),(332,'Cyntahia thatcher','2025-04-28 08:05:45',NULL),(333,'Narada ','2025-04-28 08:08:48',NULL),(334,'Phra ajaan mun bhuritatta mahathera','2025-04-28 08:12:08',NULL),(335,'K. khao suan luang','2025-04-28 08:12:59',NULL),(336,'Ven. muruthamure Pannaloka ','2025-04-28 08:13:57',NULL),(337,'Prah Ajaan mun bhuridatta','2025-04-28 08:15:27',NULL),(338,'Sayado U jyotika ','2025-04-28 08:16:02',NULL),(339,'Sucitto and scott','2025-04-28 08:18:19',NULL),(340,'Ajaan Thiradhammo','2025-04-28 08:19:50',NULL),(341,'Prah achran thate desaransi','2025-04-28 08:21:39',NULL),(342,'Phra Acariya thoon khippapanno','2025-04-28 08:22:44',NULL),(343,'Phra ajaan lee dhamma dharo','2025-04-28 08:23:39',NULL),(344,'Amaradasa Rathnapala','2025-04-28 08:25:27',NULL),(345,'Mthara sri dharmawansa thero','2025-04-28 08:27:13',NULL),(346,'Phra ajaan suwat suvaco','2025-04-28 08:28:08',NULL),(347,'Ven. Welimada pasanna manasa ','2025-04-28 08:30:37',NULL),(349,'Ministry of state pub','2025-04-28 08:33:21',NULL),(351,'Lalith Ethulath Mudali','2025-04-28 08:37:08',NULL),(352,'Barbara mututantri','2025-04-28 08:38:36',NULL),(353,'Amara wijeratne','2025-04-28 08:39:27',NULL),(354,'A Ministry of state pub','2025-04-28 08:41:22',NULL),(355,'A Ministry of state pub','2025-04-28 08:42:41',NULL),(356,'Ven. Iriyagama Dhammajiwa ','2025-04-28 08:43:30',NULL),(357,'Mahinda amugoda ','2025-04-28 08:44:35',NULL),(358,'Ven.Dankande Dhammarathana ','2025-05-01 23:43:29',NULL),(359,'Dharma grantha prakashana','2025-05-01 23:44:47',NULL),(360,'Ven.Kirinde sri dhammananda thero','2025-05-01 23:46:08',NULL),(361,'Ven.Digana Sugathawansa thero','2025-05-01 23:47:23',NULL),(362,'Ven.M.Dhammagawesi thero','2025-05-01 23:48:55',NULL),(363,'Ven.Kalugala Rathanajothi thero','2025-05-01 23:51:18',NULL),(364,'Buddhist society of Victoria','2025-05-02 00:06:55',NULL),(365,'George Smith','2025-05-02 00:09:12',NULL),(366,'Bhikkuni Kusuma ','2025-05-02 00:10:00',NULL),(367,'The library of Tibet','2025-05-02 00:11:00',NULL),(368,'Esther Tyldesley','2025-05-02 00:12:06',NULL),(369,'Daniel Goleman','2025-05-02 00:13:38',NULL),(370,'Tenzin Gyatso','2025-05-02 00:15:12',NULL),(371,'Christiaan Barnard','2025-05-02 00:16:32',NULL),(372,'Buddhist association USA','2025-05-02 00:17:34',NULL),(373,'Elmo Jayawardena','2025-05-02 00:19:48',NULL),(374,'Ven.Geshe Doga','2025-05-02 00:20:54',NULL),(375,'Maureen Seneviratne','2025-05-02 00:22:24',NULL),(376,'New York USA','2025-05-02 00:23:46',NULL),(377,'Ministry of state pub','2025-05-02 10:20:49',NULL),(378,'Ministry of state pub','2025-05-02 10:22:37',NULL),(379,'Ministry of state pub','2025-05-02 10:23:47',NULL),(380,'Ministry of state pub','2025-05-02 10:24:08',NULL),(381,'Sarath amunugama','2025-05-02 10:24:56',NULL),(382,'B.Gunasekera ','2025-05-02 10:26:55',NULL),(383,'Shanthidewa ','2025-05-02 10:33:54',NULL),(384,'Dhammavihari ','2025-05-02 10:34:32',NULL),(385,'Liem thitadhammo','2025-05-02 10:36:15',NULL),(386,'Liem thitadhammo','2025-05-02 10:36:43',NULL),(388,'Senaka Ranasingha ','2025-05-02 10:38:21',NULL),(389,'Ven.Pategama Gnanarama ','2025-05-02 10:39:59',NULL),(390,'Ajahn Dtun ','2025-05-02 10:41:04',NULL),(391,'By Grevel Lindop','2025-05-02 10:41:57',NULL),(393,'Wijaya samarawikrama','2025-05-02 11:43:49',NULL),(395,'Ranjith wanarathna','2025-05-04 23:28:03',NULL),(396,'Narada thera','2025-05-04 23:29:05',NULL),(397,'Ajahn dtum','2025-05-04 23:32:53',NULL),(398,'Tan chao Khun Upali Gunupamagahn','2025-05-04 23:34:18',NULL),(401,'Uda Iriyagama Dhammajiwa thero','2025-05-04 23:38:40',NULL),(402,'Ven.Pyinnyathiha','2025-05-04 23:39:45',NULL),(404,'Phra Ajaan thate desaransi','2025-05-04 23:47:51',NULL),(405,'Ven.Sayado U Acinna','2025-05-05 00:00:55',NULL),(406,'Uda Iriyagama Dhammajiwa thero','2025-05-05 00:01:36',NULL),(407,'Ven.Acharn thate desarani ','2025-05-05 00:02:46',NULL),(408,'Ajahn candasiri','2025-05-05 00:03:51',NULL),(409,'Ajaan Lee Dhammadharo','2025-05-05 00:05:04',NULL),(410,'Ajahn Dtun ','2025-05-05 00:06:21',NULL),(411,'Acharn Kor khao suan luang ','2025-05-05 00:08:37',NULL),(412,'Katukurunde Gnanananda bhikku','2025-05-05 00:11:00',NULL),(413,'Suchitra onkom ','2025-05-05 00:13:23',NULL),(414,'La boi ','2025-05-05 00:14:13',NULL),(415,'Bhikkhu Visuddhacara ','2025-05-05 00:15:30',NULL),(416,'Aruna pub ','2025-05-05 00:16:16',NULL),(417,'Mayumi oda ','2025-05-05 00:21:15',NULL),(418,'Ajaan Lee Dhammadharo','2025-05-05 00:21:59',NULL),(420,'Pra Acariya thoon khipponna ','2025-05-05 00:24:21',NULL),(426,'Bhikkhuni Kusuma ','2025-05-07 02:33:46',NULL),(437,'Madawala Punnaji thero ','2025-05-07 11:56:33',NULL),(445,'Bauddharama prakashana ','2025-05-08 05:10:04',NULL),(446,'LAbugama sri Lankananda nahimi','2025-05-08 05:13:22',NULL),(447,'Devinuwara Gnanawasa thero ','2025-05-08 05:14:19',NULL),(448,'Nilantha Hettige ','2025-05-08 05:15:54',NULL),(449,'Molligoda sri piyarathana thero ','2025-05-08 05:16:55',NULL),(450,'Arya keerthi kumarasena ','2025-05-08 05:19:01',NULL),(451,'C.thanippuli arachchi ','2025-05-08 05:23:09',NULL),(452,'Dewndara Wachissara thero ','2025-05-08 05:24:44',NULL),(453,'Mahathera Ladi Sayadaw','2025-05-08 05:30:03',NULL),(454,'Ajahn Nyanadhammo','2025-05-08 05:30:58',NULL),(455,'Udairiyagama Sudhammabhiwansa thero','2025-05-08 05:35:28',NULL),(456,'Kahawe Abhaya thero ','2025-05-08 05:38:14',NULL),(457,'Mankadawala Sudassana thero ','2025-05-08 05:39:38',NULL),(458,'Gnanaponika thero ','2025-05-08 05:40:21',NULL),(459,'Nissarana wanaya .mithirigala ','2025-05-08 05:41:29',NULL),(460,'Sobin S. Namto ','2025-05-08 05:45:41',NULL),(462,'Ruchira jayathunga ','2025-05-08 11:31:49',NULL),(463,'U Sayado thero ','2025-05-09 06:36:13',NULL),(464,'Kundasale Vipassana pub','2025-05-09 06:39:11',NULL),(465,'KAdawedduwa Sri Jinawansa thero ','2025-05-09 06:45:31',NULL),(466,'Koswaththe Ariyawimala thero ','2025-05-09 06:49:39',NULL),(467,'Chien,Feng Wen','2025-05-09 06:50:50',NULL),(468,'David young ','2025-05-09 06:52:23',NULL),(469,'Seelagama Nandasiri thero','2025-05-09 06:53:07',NULL);
/*!40000 ALTER TABLE `tblauthors` ENABLE KEYS */;

--
-- Table structure for table `tblbooks`
--

DROP TABLE IF EXISTS `tblbooks`;
/*!40101 SET @saved_cs_client     = @@character_set_client */;
/*!40101 SET character_set_client = utf8 */;
CREATE TABLE `tblbooks` (
  `id` int NOT NULL AUTO_INCREMENT,
  `BookName` varchar(255) DEFAULT NULL,
  `CatId` int DEFAULT NULL,
  `AuthorId` int DEFAULT NULL,
  `ISBNNumber` varchar(255) DEFAULT NULL,
  `BookPrice` int DEFAULT NULL,
  `RegDate` timestamp NULL DEFAULT CURRENT_TIMESTAMP,
  `UpdationDate` timestamp NULL DEFAULT NULL ON UPDATE CURRENT_TIMESTAMP,
  `classification_number` varchar(255) DEFAULT NULL,
  PRIMARY KEY (`id`)
) ENGINE=InnoDB AUTO_INCREMENT=645 DEFAULT CHARSET=latin1;
/*!40101 SET character_set_client = @saved_cs_client */;

--
-- Dumping data for table `tblbooks`
--

/*!40000 ALTER TABLE `tblbooks` DISABLE KEYS */;
INSERT INTO `tblbooks` VALUES (4,'Abhidharma Sangrahaya',1,1,'9558663204',1,'2024-10-14 01:07:19','2024-10-14 01:11:52',NULL),(5,'Nirvana Vinishchaya',1,1,'9558663239',1,'2024-10-14 01:33:41',NULL,NULL),(6,'Chaththaalisakara Maha Vipassana Bhavanava',2,1,'9558663182',1,'2024-10-14 01:34:36',NULL,NULL),(7,'Entrance to Buddhism',1,2,'290',3,'2024-10-14 01:49:58',NULL,NULL),(8,'Sathva kriyakarithvaya',2,3,'9559352024',1,'2024-10-14 01:50:59',NULL,NULL),(9,'The Buddha and his Teachings',1,4,'260',1,'2024-10-14 01:52:23',NULL,NULL),(10,'Godiva pahak allaganima ',2,3,'290',1,'2024-10-14 02:20:31',NULL,NULL),(11,'Nirvana vinishchaya',2,1,'9558663239',1,'2025-02-08 12:34:43',NULL,NULL),(12,'Seelanussathiyen opavana seelaya',1,3,'9789556630428',1,'2025-02-08 12:36:21',NULL,NULL),(13,'Abhidharmartha sangrahaya',2,1,'9558663204',1,'2025-02-08 12:37:28',NULL,NULL),(14,'Chathtalisakara Vipassana Bhavanava',3,1,'9558663182',1,'2025-02-08 12:38:36',NULL,NULL),(15,'Sathva kriyakarithvaya',1,3,'9559352024',1,'2025-02-08 12:47:48',NULL,NULL),(16,'Sathi pattana bhavana vivechanaya saha thavath kruthi',3,1,'9558663271',1,'2025-02-08 18:39:12',NULL,NULL),(17,'Saya palaka athivana sanyojana dakinna',3,3,'9558873862',1,'2025-02-08 18:41:55',NULL,NULL),(19,'The Dalai Lama\'s book of wisdom',2,7,'9780712604574',1,'2025-03-19 15:21:41',NULL,NULL),(20,'Living Dhamma',2,11,'1212121212',1,'2025-03-19 15:33:05',NULL,NULL),(21,'Sathiyata hasuvana sitha',8,14,'9558873373',1,'2025-03-19 15:47:14',NULL,NULL),(24,'The Dhammapada : Pali text and translation with stories in brief and notes.',11,17,'',1,'2025-03-22 22:26:54',NULL,'210'),(25,'Vanchaka dharma ha chiththopaklesha dharma',2,1,'9558663131',1,'2025-03-22 22:31:09',NULL,'210'),(26,'The magic of the mind : an exposition of the Kalakarama sutta',8,18,'9551255097',1,'2025-03-22 22:34:10',NULL,'270 NAN'),(27,'The seven factors of enlightenment',12,19,'9789554418219',1,'2025-03-22 22:37:11',NULL,'290'),(28,'Mage bana potha',13,20,'9558540315',1,'2025-03-22 22:39:58',NULL,'270'),(29,'The three boys: And other buddhist folktales from Tibet.',14,21,'9788178223513',1,'2025-03-22 22:43:32',NULL,''),(30,'Food for the thinking mind',2,22,'967992078x',4,'2025-03-24 15:56:35',NULL,'edit'),(31,'The tree of Enlightenment : An introduction to The major Traditions of buddha',1,23,'edit',2,'2025-03-24 16:08:11','2025-04-09 21:20:47','edit'),(32,'The tree of Enlightenment : An Introduction to Major Traditions of Buddhism',1,1,'edit',0,'2025-03-24 16:11:01','2025-03-25 22:17:27',''),(33,'The tree of Enlightenment : An Introduction to The Major Traditions of Buddhism',1,1,'edit',1,'2025-03-24 16:14:11','2025-03-25 22:17:27','edit'),(34,'Abhidhamma in daily life',2,24,'edit',1,'2025-03-24 16:18:53',NULL,'edit'),(35,'Great Patient One',1,25,'edit',1,'2025-03-24 16:38:39','2025-03-25 22:13:15','edit'),(36,'Meditation ',3,26,'978955240944',1,'2025-03-24 16:41:54',NULL,'edit'),(37,'The greatest man who ever lived',1,27,'9810402821',1,'2025-03-24 16:46:39','2025-03-25 22:13:15','edit'),(38,'Meatless Indian cooking',15,28,'1559586907',1,'2025-03-24 16:50:58',NULL,'edit'),(39,'Finding the missing peace',1,29,'9781784321161',3,'2025-03-24 16:53:30','2025-03-25 22:13:15','edit'),(40,'Bodhinyana',1,1,'edit',1,'2025-03-24 17:23:25','2025-03-25 22:17:27','edit'),(43,'Buddhist meditation : The way to inner calm and clarity',1,31,'edit',1,'2025-03-24 17:45:36','2025-03-25 22:13:15','edit'),(44,'Gems of Buddhist wisdom',13,32,'9679920674',1,'2025-03-24 18:05:04',NULL,'edit'),(45,'Parami : Ways to cross life\'s floods',2,33,'edit',1,'2025-03-24 18:08:40',NULL,'edit'),(46,'Buddhist Meditation : The way to inner calm clarity',1,31,'edit',1,'2025-03-24 18:10:35','2025-03-25 22:13:15','edit'),(50,'You and your problems',2,34,'9834007124',1,'2025-03-27 18:30:08','2025-05-08 13:28:34','edit'),(52,'Parami : Ways to cross life\'s floods',19,38,'edit',1,'2025-03-27 18:48:30',NULL,'edit'),(53,'Seeing the way',9,39,'978095611325',1,'2025-03-27 19:07:35',NULL,'edit'),(54,'Finding the missing peace',3,11,'9781784321161',3,'2025-03-27 19:11:38','2025-05-08 01:59:06','edit'),(55,'The greatest man who ever lived : The supreme buddha',19,40,'9810402821',1,'2025-03-27 19:17:47','2025-05-08 02:00:09','edit'),(56,'Great patient one',19,25,'edit',1,'2025-03-27 19:20:24','2025-05-08 02:00:09','edit'),(57,'Meditation ',3,26,'978955240944',1,'2025-03-27 19:22:54','2025-05-08 01:59:06','edit'),(58,'Abhidhamma in daily life',2,24,'edit',1,'2025-03-27 19:26:00','2025-05-08 01:54:19','edit'),(59,'The tree of enlightenment : An introduction to major traditions of the buddhism',2,41,'edit',1,'2025-03-27 19:33:32','2025-05-08 01:54:19','edit'),(60,'Food for the thinking mind',3,34,'976992078x',6,'2025-03-27 19:41:18','2025-05-08 01:59:06','edit'),(61,'Three teachings',3,42,'edit',1,'2025-03-27 19:55:39','2025-05-08 01:59:06','edit'),(62,'Kamma and the end of kamma',2,38,'edit',1,'2025-03-27 19:58:14','2025-05-08 01:54:19','edit'),(63,'Gift he left behind',2,43,'edit',1,'2025-03-27 20:01:51','2025-05-08 01:54:19','edit'),(64,'Bodhipakshika dharma vistharaya',2,44,'9558663123',1,'2025-03-27 20:06:03','2025-05-08 01:54:19','edit'),(65,'Budu dahame adyathmaya (Alawaka sutta)',2,45,'978958414279',1,'2025-03-27 20:11:52','2025-05-08 01:54:19','edit'),(66,'Maranaya pilibanda bauddha parikalpanawa',6,46,'9552402816',1,'2025-03-27 20:18:31',NULL,'edit'),(67,'Karma wipaka',2,47,'edit',1,'2025-03-27 20:32:45',NULL,'edit'),(68,'The Dalai lama\'s book of the wisdom :Insight on daily living,compassition and justice',19,48,'9780712604574',1,'2025-03-27 20:37:52',NULL,'edit'),(69,'Simple teachings on higher truths',3,49,'9789746609982',1,'2025-03-27 20:40:20',NULL,'edit'),(70,'In simple terms',2,26,'edit',1,'2025-03-27 20:42:47',NULL,'edit'),(71,'Island of Light : Buddhism in Sri Lanka',19,50,'9789810826666',1,'2025-03-27 22:05:52','2025-05-08 02:00:09','edit'),(72,'Family First ',32,51,'9780743264938',1,'2025-03-27 22:11:37',NULL,'edit'),(73,'An open heart',19,52,'0316989797',1,'2025-03-27 22:24:59','2025-05-08 02:00:09','edit'),(74,'Merit',19,53,'edit',1,'2025-03-27 22:29:49','2025-05-08 02:00:09','edit'),(75,'Awakening',19,54,'edit',1,'2025-03-27 22:34:40','2025-05-08 02:00:09','edit'),(76,'Arahattamagga Arahattapala',11,55,'9749310012',1,'2025-03-27 22:42:36',NULL,'edit'),(77,'Laba sathkara Kirthi Prasansa',19,56,'edit',1,'2025-03-28 00:50:02','2025-05-08 02:00:09','edit'),(78,'Atamasthana saha Solosmasthana',19,57,'edit',1,'2025-03-28 00:54:44','2025-05-08 02:00:09','edit'),(79,'Athma Abhimanaya Wardhanaya Karagatha Haki Maga',32,58,'9559008722',1,'2025-03-28 00:59:36','2025-05-08 02:00:41','edit'),(80,'Was wisima saha kathina chiwara maha poojawa',32,59,'edit',1,'2025-03-28 01:04:00','2025-05-08 02:00:41','edit'),(81,'Saptha visuddhiya saha Vidarshana gnana',2,60,'edit',4,'2025-03-28 01:10:19','2025-05-08 01:54:19','edit'),(82,'Ideal Solitude',2,61,'9789551255312',1,'2025-03-28 01:14:59','2025-05-08 01:54:19','edit'),(83,'Venerable Acariya Mun Bhuridatta Thera',39,62,'9749200748',1,'2025-03-28 01:27:09',NULL,'edit'),(84,'Dealing With Life\'s Issues: A Buddhist Perspective',19,63,'9789810593957',1,'2025-03-28 01:37:26','2025-05-08 02:00:09','edit'),(85,'The Low of dependent arising',2,64,'9789554149762',2,'2025-03-28 01:41:47','2025-05-08 01:54:19','edit'),(86,'The Deliverance of the heart',2,64,'978955414955',1,'2025-03-28 01:51:11','2025-05-08 13:28:34','edit'),(87,'Walk to nibbana',3,64,'9789554149748',1,'2025-03-28 01:55:53','2025-05-08 13:28:34','edit'),(88,'From Topsy-turvydom',3,64,'9551255003',2,'2025-03-28 01:59:17','2025-05-08 13:28:34','edit'),(89,'The end of the world: In Buddhist Perspective',1,64,'9789554149717',1,'2025-03-28 02:09:10','2025-05-08 13:28:34','edit'),(90,'Towards a better world: Lo wada sangarawa',43,64,'9551255046',2,'2025-03-28 02:13:52','2025-05-08 13:28:34','edit'),(91,'Samyutta nikaya: An anthology with notes',19,64,'9789551255268',1,'2025-03-28 02:18:21','2025-05-08 13:28:34','edit'),(92,'Seeing through: A guide to insight meditation',3,64,'9789551255237',1,'2025-03-28 02:23:56','2025-05-08 13:28:34','edit'),(93,'Now is the knowing',3,72,'9780956811356',1,'2025-03-28 02:27:56',NULL,'edit'),(94,'Gifts he left behind',3,43,'edit',1,'2025-03-28 02:46:15','2025-05-08 13:28:34','edit'),(95,'Gratitude: To those who have helped us',44,43,'edit',1,'2025-03-28 02:48:26','2025-05-08 13:28:34','edit'),(96,'Buddhism: The Wisdom of Compassion and Awakening',45,75,'edit',1,'2025-03-28 02:52:39',NULL,'edit'),(97,'Living Dhamma',2,76,'edit',1,'2025-03-28 02:56:46',NULL,'edit'),(98,'Sathiyata hasuwana sitha',3,77,'9558873373',1,'2025-03-28 02:59:54',NULL,'edit'),(99,'Now is the knowing',3,72,'9780956811356',1,'2025-04-08 12:47:49','2025-05-08 13:28:34','edit'),(100,'Ethi hati dekma',3,64,'9551255119',1,'2025-04-08 12:54:30','2025-05-08 13:28:34','edit'),(101,'Towards a better world: Lo-wada sangarawa',43,64,'95512551199551255046',2,'2025-04-08 12:59:49','2025-05-08 13:28:34','edit'),(102,'The end of the world: In Buddhist perspective',48,64,'978955149717',1,'2025-04-08 13:02:35','2025-05-08 13:28:34','edit'),(103,'From topsy-turvydom to wisdom',19,64,'9551255003',2,'2025-04-08 13:05:12','2025-05-08 13:28:34','edit'),(104,'Walk to nibbana',3,64,'978955419748',1,'2025-04-08 13:07:26','2025-05-08 13:28:34','edit'),(105,'The deliverance of the heart: through universal love',19,64,'978955414975',1,'2025-04-08 13:10:03','2025-05-08 13:28:34','edit'),(106,'The low of dependent arising: The secret of bondage and release',19,64,'9789554149762',2,'2025-04-08 13:12:31','2025-05-08 13:28:34','edit'),(107,'Dealing with life\'s issues: A Buddhist perspective',2,63,'9789810593957',1,'2025-04-08 13:21:14','2025-05-08 13:28:34','edit'),(108,'Ven.Acariya mun bhuridatta thera: A spiritual biography',39,62,'9749200748',1,'2025-04-08 13:24:59','2025-05-08 13:28:34','edit'),(109,'Ideal solitude',55,64,'9789551255312',1,'2025-04-08 13:30:02','2025-05-08 13:28:34','edit'),(110,'Yogawachara jiwithayata kamatahan bana',3,60,'edit',4,'2025-04-08 13:34:57','2025-05-08 13:28:34','edit'),(111,'was wisima saha kathina chiwara maha poojawa',19,59,'edit',1,'2025-04-08 13:38:09','2025-05-08 13:28:34','edit'),(112,'Athama abhimanaya wardhanaya karagatha haki maga',58,58,'9559008722',1,'2025-04-08 13:43:39','2025-05-08 13:28:34','edit'),(113,'Atamasthana saha solosmasthana',59,57,'edit',1,'2025-04-08 13:50:37','2025-05-08 13:28:34','edit'),(114,'Laba sathkara keerthi prashansa',2,93,'edit',1,'2025-04-08 13:53:58','2025-05-08 01:54:19','edit'),(115,'Uncommon Wisdom: Life and teachings of Ajaan pannavaddo',39,94,'9781495115196',2,'2025-04-08 21:18:41','2025-05-08 02:01:00','edit'),(116,'Contemplations on the seven factors of awakening',3,95,'9781908444219',1,'2025-04-08 21:34:09',NULL,'edit'),(117,'To one that feels',39,96,'9748495884',1,'2025-04-08 21:58:06',NULL,'edit'),(118,'Planting Dhamma Seeds: The emergence of Buddhism in Africa',19,97,'9789832515982',1,'2025-04-08 22:04:52','2025-05-08 02:00:09','edit'),(119,'Entrance to Buddhism',19,98,'edit',1,'2025-04-08 22:09:22','2025-05-08 02:00:09','edit'),(120,'The Debate of King Milinda',19,99,'edit',7,'2025-04-08 22:18:34','2025-05-08 02:00:09','edit'),(121,'A Pictorial Biography of Sakyamuni buddha',19,100,'edit',5,'2025-04-08 22:22:26','2025-05-08 02:00:09','edit'),(122,'Jeevithayama Bhawanawaki',3,101,'9789554877078',6,'2025-04-08 22:34:13',NULL,'edit'),(123,'Sri Shakyamunindrawadana Mahakavya',43,102,'9789554995116',2,'2025-04-08 22:37:12',NULL,'edit'),(124,'Mula novi Niwanata',3,103,'edit',1,'2025-04-08 22:39:39',NULL,'edit'),(125,'Parami hewath dasa perumdam',11,104,'edit',3,'2025-04-08 22:41:02',NULL,'edit'),(126,'Athmawadaya saha patichchasamuppannawadaya',11,105,'edit',6,'2025-04-08 22:51:20',NULL,'edit'),(127,'Mula novi niwanata',11,106,'edit',1,'2025-04-08 22:55:20',NULL,'edit'),(128,'On love',11,107,'9786169119050',1,'2025-04-08 23:00:46',NULL,'edit'),(129,'Nibbana - The mind stilled',3,108,'9789551255336',1,'2025-04-08 23:26:18',NULL,'edit'),(130,'Nibbana and the fire simile',11,109,'9789551255374',1,'2025-04-08 23:27:52',NULL,'edit'),(131,'From topsy-turvydom to Wisdom',11,110,'9551255003',1,'2025-04-08 23:31:31',NULL,'edit'),(132,'Samyutta Nikaya: An anthology with notes',19,111,'9789551255268',1,'2025-04-08 23:38:42','2025-05-08 02:00:09','edit'),(133,'Dependent Origination Dependent Liberation',19,112,'edit',1,'2025-04-09 00:58:00','2025-05-08 02:00:09','edit'),(134,'The Dhammapada',11,104,'edit',2,'2025-04-09 01:01:12','2025-04-09 22:04:05','edit'),(135,'A Dhammapada for contemplation',11,113,'edit',1,'2025-04-09 01:04:51',NULL,'edit'),(136,'Good question Good answer',19,114,'9789810727161',1,'2025-04-09 01:07:54',NULL,'edit'),(137,'A Guide to Buddhism A to Z',19,114,'978981112393',1,'2025-04-09 01:10:03','2025-05-08 13:28:34','edit'),(138,'The view from the west: An Australian Monk looks at Buddhism',19,116,'9789811174858',2,'2025-04-09 01:13:24','2025-05-08 02:00:09','edit'),(139,'You and your problems',19,117,'9834007124',1,'2025-04-09 01:16:21','2025-05-08 02:00:09','edit'),(140,'Paramitha prakaranaya',11,118,'9558663069',1,'2025-04-09 02:12:39',NULL,'edit'),(141,'Present moment wonderful moment',12,119,'8176210064',1,'2025-04-09 02:15:28',NULL,'edit'),(142,'From topsy Turvydom to Wisdom',1,120,'9551255003',1,'2025-04-09 02:18:53',NULL,'edit'),(143,'Now is the knowing',11,121,'edit',1,'2025-04-09 02:22:24',NULL,'edit'),(144,'Anapanasathi Suthraya: Majjhima nikaya',3,122,'9789554877092',1,'2025-04-09 02:24:49',NULL,'edit'),(145,'Abhidharmaye mulika karunu',1,1,'9558663077',1,'2025-04-09 02:27:12',NULL,'edit'),(146,'Vipassanawa pelagasma',3,123,'edit',1,'2025-04-09 02:29:51',NULL,'edit'),(147,'Yogawachara marga upadeshanaya',3,124,'edit',1,'2025-04-09 02:32:05',NULL,'edit'),(148,'Budu dahame adyathmaya: Meghiya suthraya',1,125,'edit',1,'2025-04-09 02:34:45',NULL,'edit'),(149,'Girimananda suthraya',19,126,'edit',1,'2025-04-09 02:37:39','2025-05-08 02:00:09','edit'),(150,'Vidarshana Bhavana Kramaya',3,127,'9558663026',1,'2025-04-09 13:52:14','2025-05-08 01:59:06','edit'),(151,'Punyopadesha',2,128,'955866314X',1,'2025-04-09 13:53:37','2025-05-08 01:54:19','edit'),(152,'You & Your Problems',19,129,'9834007124',3,'2025-04-09 13:56:15','2025-05-08 02:00:09','edit'),(153,'No worries',11,130,'9749332490',2,'2025-04-09 13:59:51','2025-05-08 01:59:39','edit'),(154,'Dhammapada Saraya',2,131,'edit',1,'2025-04-09 14:02:28','2025-05-08 01:54:19','edit'),(155,'Sotapattimagga',3,132,'edit',1,'2025-04-09 14:04:50','2025-05-08 01:59:06','edit'),(156,'The Dhamma and the real World',2,133,'9781784320454',1,'2025-04-09 14:22:34','2025-05-08 01:54:19','edit'),(157,'Anapanasathiya saha Chathudhathumanasikaraya',3,134,'edit',1,'2025-04-09 14:25:34','2025-05-08 01:59:06','edit'),(158,'Saptha Vishuddhiya ha vidarshana gnana',3,135,'edit',1,'2025-04-09 14:28:26','2025-05-08 01:59:06','edit'),(159,'Adyathmika nyaya',2,136,'9789557214023',1,'2025-04-09 14:30:46','2025-05-08 01:54:19','edit'),(160,'Yogawachara marga upadeshanaya',3,124,'edit',1,'2025-04-09 14:40:04','2025-05-08 01:59:06','edit'),(161,'Sitha thula athi nirwanaya',3,137,'9551451198',1,'2025-04-09 14:42:03','2025-05-08 01:59:06','edit'),(162,'Niwanak awashya kumak sandahada',2,126,'edit',1,'2025-04-09 14:50:00','2025-05-08 13:28:34','edit'),(163,'Samadhiya wadana vita',3,139,'9558129321',1,'2025-04-09 15:05:04','2025-05-08 01:59:06','edit'),(164,'The way to peace and happiness',2,140,'9559219685',1,'2025-04-09 15:18:59','2025-05-08 01:54:19','edit'),(165,'Shasanawatharanaya',2,141,'9558663115',1,'2025-04-09 15:21:21','2025-05-08 01:54:19','edit'),(166,'Bauddhayage Athpotha',2,142,'9558663034',1,'2025-04-09 15:22:50','2025-05-08 01:54:19','edit'),(167,'Anapanasathi Deshanawa',3,143,'edit',1,'2025-04-09 15:25:06','2025-05-08 01:59:06','edit'),(168,'Chathurarya Sathyaya',2,144,'9558663018',1,'2025-04-09 15:27:15','2025-05-08 01:54:19','edit'),(169,'Venerable Acariya Mun Bhuridatta Thera',39,145,'9749200748',3,'2025-04-09 15:30:18','2025-05-08 02:01:00','edit'),(170,'Samana',39,146,'9789744966636',1,'2025-04-09 15:33:20','2025-05-08 02:01:00','edit'),(171,'Sambodhi',19,147,'edit',1,'2025-04-09 16:14:30',NULL,'edit'),(172,'The Buddha Book',19,148,'0007174861',1,'2025-04-09 16:17:10',NULL,'edit'),(173,'One Fish Two Fish Red Fish Blue Fish',83,149,'100007158560',1,'2025-04-09 16:43:34',NULL,'edit'),(174,'Niwana-8',11,150,'9559561189',1,'2025-04-09 16:46:21',NULL,'edit'),(175,'A Complete Book of School',84,151,'edit',1,'2025-04-09 16:50:03',NULL,'edit'),(176,'Me Ape Urumayayi',85,152,'9789554850385',1,'2025-04-09 16:52:55',NULL,'edit'),(177,'Finding the missing Peace',3,153,'9781784321161',1,'2025-04-09 21:15:44','2025-05-08 01:59:06','edit'),(178,'Gems of Buddhist Wisdom',19,154,'9679920096',1,'2025-04-09 21:17:57','2025-05-08 02:00:09','edit'),(179,'Nyanaponika a hundred years from birth',39,155,'edit',1,'2025-04-09 21:24:05','2025-05-08 02:01:00','edit'),(180,'Venerable Ajaan Khao Analayo',39,156,'9749496221',1,'2025-04-09 21:27:55','2025-05-08 02:01:00','edit'),(181,'Roots and Currents',19,157,'9781784320447',1,'2025-04-09 21:30:07','2025-05-08 02:00:09','edit'),(182,'Vipassana: A Universal Buddhist Technique Of Meditation',3,158,'8170306124',1,'2025-04-09 22:14:48','2025-05-08 01:59:06','edit'),(183,'More Sayings of the Buddha - And Other Masters',2,159,'9781921596766',1,'2025-04-09 22:23:02','2025-05-08 01:54:19','edit'),(184,'A Taste of freedom',2,160,'edit',1,'2025-04-09 22:25:53','2025-05-08 01:54:19','edit'),(185,'Venerable Father: A Life with ajahn Chah',39,161,'9748907287',2,'2025-04-09 22:30:08','2025-05-08 02:01:00','edit'),(186,'A Tree in a forest: A collection of Ajahn chah\'s similes',19,162,'9789744990181',1,'2025-04-09 22:37:56','2025-05-08 02:00:09','edit    '),(187,'Mindfulness In Plain English',3,163,'edit',1,'2025-04-09 22:42:39','2025-05-08 01:59:06','edit    '),(188,'Undaunted',2,164,'edit',1,'2025-04-10 00:57:29','2025-05-08 01:54:19','edit    '),(189,'The little green grammar book',84,165,'978086840919',1,'2025-04-10 01:00:19','2025-05-08 02:01:17','edit    '),(190,'The art of happiness',19,166,'1573221112',1,'2025-04-10 01:03:54','2025-05-08 02:00:09','edit    '),(191,'Fleeting Moment',19,167,'edit',1,'2025-04-10 01:54:24','2025-05-08 02:00:09','edit'),(192,'On Meditation: Instruction from talks on developing formal meditation',3,168,'9780956811363',1,'2025-04-10 01:57:22','2025-05-08 01:59:06','edit    '),(193,'Bhaddekaratta sutta: Liberation teachings on an ideal seclusion',2,169,'edit',1,'2025-04-10 02:02:22','2025-05-08 01:54:19','edit    '),(194,'Living Dhamma',103,170,'edit',1,'2025-04-10 02:04:00',NULL,'edit'),(195,'Arahattamagga Arahattaphala',3,171,'9749310012',1,'2025-04-10 02:06:11',NULL,'edit    '),(196,'this is the path',3,172,'edit',1,'2025-04-10 02:07:43',NULL,'edit    '),(197,'The tree suttas narasiha gatha and jayamangala gatha',19,173,'9559528262',1,'2025-04-10 02:20:29','2025-05-08 02:00:09','edit    '),(198,'Sigalovada sutta: Code of discipline for lay Buddhist',11,14,'9558540048',1,'2025-04-10 02:25:19','2025-05-08 13:28:34','edit    '),(199,'Karma and Rebirth',11,175,'955887311X',1,'2025-04-10 02:26:40',NULL,'edit    '),(200,'Only we can help ourselves',11,176,'edit',2,'2025-04-10 02:31:00','2025-04-11 13:36:44','edit    '),(201,'what is Truth?: The quest for truth',19,177,'edit',1,'2025-04-10 02:35:52','2025-05-08 02:00:09','edit'),(202,'Ideal Solitude',19,178,'9789551256312',1,'2025-04-10 02:38:29','2025-05-08 02:00:09','edit    '),(203,'King Solomon\'s Mines',32,179,'1855345064',1,'2025-04-10 02:43:22','2025-05-08 02:00:41','edit    '),(204,'Buddhism in the eyes of intellectuals',19,180,'9679920577',1,'2025-04-11 01:01:24','2025-05-08 02:00:09','edit    '),(205,'What is Buddhism',19,181,'edit',1,'2025-04-11 01:03:10','2025-05-08 02:00:09','edit'),(206,'Buddhism: A living message',19,182,'edit',2,'2025-04-11 01:05:37','2025-05-08 02:00:09','edit'),(207,'A Dhammapada for contemplation',2,113,'edit',1,'2025-04-11 01:29:33','2025-05-08 13:28:34','edit    '),(208,'Bosat',19,184,'edit',1,'2025-04-11 01:31:24','2025-05-08 02:00:09','edit'),(209,'Thought: Think a fresh',19,185,'edit',1,'2025-04-11 01:35:04','2025-05-08 02:00:09','edit'),(210,'Awareness Itself',2,186,'edit',1,'2025-04-11 01:38:00','2025-05-08 01:54:19','edit'),(211,'Peace and kindness',19,187,'edit',1,'2025-04-11 01:40:53','2025-05-08 02:00:09','edit'),(212,'A direct approach to Buddhadharma',19,188,'edit',1,'2025-04-11 01:43:19','2025-05-08 02:00:09','edit    '),(213,'Liberation: relevance of Sutta-vinaya',19,189,'edit',1,'2025-04-11 01:45:17','2025-05-08 02:00:09','edit    '),(214,'To one that feels',19,190,'edit',1,'2025-04-11 12:34:23','2025-05-08 02:00:09','edit    '),(215,'Stillness of the truth',19,191,'edit',1,'2025-04-11 12:37:36','2025-05-08 02:00:09','edit    '),(216,'Maha Kassapa: Father of the sangha',39,192,'edit',1,'2025-04-11 12:42:21','2025-05-08 02:01:00','edit'),(217,'The 16 Dreams of king Pasenadi',19,193,'edit',1,'2025-04-11 12:48:37','2025-05-08 02:00:09','edit    '),(218,'Wisdom Develops Samadhi',3,62,'9749325397',1,'2025-04-11 12:53:08',NULL,'edit    '),(219,'Moral and Ethical Conduct of a Buddhist',2,22,'edit',1,'2025-04-11 12:57:35',NULL,'edit    '),(220,'What reality is',19,194,'edit',1,'2025-04-11 12:59:04',NULL,'edit    '),(221,'Prisoners of karma',2,195,'edit',1,'2025-04-11 13:00:34','2025-05-08 01:54:19','edit    '),(222,'Buddhism for the young and the restless',19,196,'edit',1,'2025-04-11 13:12:50',NULL,'edit'),(223,'Sathurata yatath nowana ma',115,197,'9789555367905',1,'2025-04-11 13:19:35',NULL,'edit    '),(224,'The Dhammapada: The Buddha\'s path of Wisdom',2,198,'9789552401312',1,'2025-04-11 13:23:20',NULL,'edit    '),(225,'King Solomon\'s Mines',32,179,'1855345064',1,'2025-04-11 13:29:06','2025-05-08 02:00:41','edit    '),(226,'Karma and rebirth',11,175,'955887311X',1,'2025-04-11 13:38:28','2025-05-08 01:59:39','edit    '),(227,'Things as they are',19,199,'edit',1,'2025-04-11 13:45:50','2025-05-08 02:00:09','edit    '),(228,'A taste of freedom',19,26,'edit',1,'2025-04-11 13:49:33',NULL,'edit    '),(229,'The bible tried tested triumphant',118,200,'edit',1,'2025-04-11 13:53:58',NULL,'edit'),(230,'Meditations of a Tibetan Tantric Abbot',19,201,'1559391588',1,'2025-04-11 13:56:36',NULL,'edit    '),(231,'Jesus News for today',118,202,'0647507161',1,'2025-04-11 14:00:41','2025-05-08 02:01:45','edit    '),(232,'Good News Australia',118,202,'0647163268',1,'2025-04-11 14:03:38',NULL,'edit    '),(233,'Practising the Dhamma with a view to Nibbana',3,203,'edit',1,'2025-04-11 14:07:16',NULL,'edit    '),(234,'The word of the Buddha',19,204,'9552402177',1,'2025-04-11 14:09:27',NULL,'edit    '),(235,'Understanding Buddhism',19,205,'edit',1,'2025-04-11 14:10:45',NULL,'edit    '),(236,'The four noble truth',2,206,'1870205103',1,'2025-04-11 14:13:39',NULL,'edit    '),(237,'The art of loving',32,207,'1855385058',1,'2025-04-11 14:15:56','2025-05-08 02:00:41','edit    '),(238,'Introduction to insight Meditation',3,208,'9781870205467',1,'2025-04-12 12:16:53',NULL,'edit'),(239,'Clarity and Calm for Busy people',2,208,'edit',1,'2025-04-12 12:21:22','2025-05-08 13:28:34','edit    '),(240,'Don\'t push ',3,210,'edit',1,'2025-04-12 12:25:34',NULL,'edit    '),(241,'The Buddha: As a master mind The Buddha\'s dynamic path',2,31,'edit',1,'2025-04-12 12:28:58',NULL,'edit    '),(242,'Introduction to insight meditation',3,211,'9781870205467',1,'2025-04-20 18:37:11','2025-05-08 01:59:06','edit    '),(243,'Essential teachings',11,212,'9833512143',1,'2025-04-20 18:39:48','2025-05-08 01:59:39','edit    '),(244,'The state funeral of Luang por chah',39,213,'edit',1,'2025-04-20 18:41:54','2025-05-08 02:01:00','edit    '),(245,'The Buddhaas a master mind the Buddha\'s dynamic path',2,214,'edit',1,'2025-04-20 18:43:27','2025-05-08 01:54:19','edit'),(246,'Don\'t push: Just use the wait of your own body',2,29,'edit',1,'2025-04-20 18:45:36','2025-05-08 01:54:19','edit    '),(247,'Clarity and calm',3,215,'edit',2,'2025-04-20 18:46:35','2025-05-08 01:59:06','edit    '),(248,'Introduction to insight meditation',3,216,'1870205030',3,'2025-04-20 18:49:19','2025-05-08 01:59:06','edit    '),(249,'Dhammapada for contemplation',11,217,'edit',3,'2025-04-20 18:50:46','2025-04-20 18:53:10','edit    '),(250,'A life of blessings',2,218,'edit',1,'2025-04-20 18:53:01',NULL,'edit'),(251,'A Buddhist reflection',2,219,'9742183376',1,'2025-04-20 18:55:02','2025-05-08 01:54:19','edit'),(252,'Reflection from emptiness',11,220,'edit',1,'2025-04-20 18:56:14',NULL,'edit    '),(253,'The perfect charm ',127,221,'edit',3,'2025-04-20 18:58:13','2025-04-20 19:06:38','edit'),(254,'Mindfulness precepts and crashing in the same car',3,107,'edit',2,'2025-04-20 18:59:42',NULL,'edit    '),(255,'The Buddhist Way',11,222,'edit',1,'2025-04-20 19:01:55',NULL,'edit    '),(256,'Buddhism a living message',2,223,'edit',1,'2025-04-20 19:03:04',NULL,'edit    '),(257,'Anyone can go to heaven Just be good',2,224,'edit',1,'2025-04-20 19:04:46',NULL,'edit    '),(258,'How to practise Buddhism ',2,225,'7969920534',1,'2025-04-20 19:06:16',NULL,'edit'),(259,'The Dalai Lama\'s Book of Wisdom ',19,226,'072253955X',1,'2025-04-20 19:08:15',NULL,'edit'),(260,'IS it wrong to be ambitious',19,22,'edit',1,'2025-04-20 19:09:06','2025-05-08 13:28:34','edit    '),(261,'Anapanasati: Meditation on breathing',3,228,'edit',1,'2025-04-20 19:49:31',NULL,'edit'),(262,'Heart of Buddha',19,229,'edit',1,'2025-04-20 19:50:49',NULL,'edit'),(263,'Self liberation ',32,230,'1559391448',1,'2025-04-20 19:52:37','2025-05-08 02:00:41','edit    '),(264,'Human life and problems',2,231,'9679920739',1,'2025-04-20 19:53:41',NULL,'edit    '),(265,'Aspects of early Buddhist: sociological Thought',19,232,'9810405553',1,'2025-04-20 19:55:14',NULL,'edit    '),(266,'Karma vipaka',11,233,'edit',1,'2025-04-21 02:00:35',NULL,'edit'),(267,'Wasunu niwan dora viwara kara ganimu',2,234,'9789559828228',1,'2025-04-21 02:02:08',NULL,'edit    '),(268,'Susumaka wimasuma niwanaka arambuma',3,235,'9789556870022',1,'2025-04-21 02:05:33',NULL,'edit    '),(269,'Encyclopedia of space',128,236,'9781786173294',1,'2025-04-21 02:08:07',NULL,'edit    '),(270,'Bauddha bhawana pilibanda gataluwalata pilithuru',3,237,'9789555251327',1,'2025-04-21 02:09:53',NULL,'edit    '),(271,'Misaditu bindina handa',11,238,'edit',1,'2025-04-21 02:11:06',NULL,'edit    '),(272,'Dewlowa saha deviwaru',11,239,'9789553070081',1,'2025-04-21 02:14:20',NULL,'edit    '),(273,'Sundara gamanak yamu',11,235,'edit',1,'2025-04-21 02:16:08',NULL,'edit    '),(274,'Abhinikmana ',19,240,'955125502X',1,'2025-04-21 12:54:02','2025-05-08 02:00:09','edit    '),(275,'Bhawana margaya',3,240,'9789551255367',1,'2025-04-21 12:55:28','2025-05-08 13:28:34','edit    '),(276,'Sumana saman deyiyo',131,242,'9559602128',1,'2025-04-21 12:56:22',NULL,'edit    '),(277,'Bodhignana: Acahn cha deshana',19,243,'9552402433',1,'2025-04-21 12:58:15','2025-05-08 02:00:09','edit    '),(278,'Pahan kanuwa dharma deshana',133,244,'9789551255251',1,'2025-04-21 12:59:22',NULL,'edit    '),(279,'Patichchasamuppada Dharmaya: 4',2,245,'9789554149731',1,'2025-04-21 13:00:50','2025-04-21 13:02:03','edit    '),(280,'Patichchasamuppada dharmaya: 2',2,64,'9789551255503',1,'2025-04-21 13:01:52','2025-05-08 13:28:34','edit'),(281,'Sasun piliwetha',19,108,'9789551255381',1,'2025-04-21 13:02:50',NULL,'edit    '),(282,'Mapiya uwatana',2,64,'9551255100',1,'2025-04-21 13:03:35',NULL,'edit    '),(283,'Abhinikmana',19,64,'955125502X',1,'2025-04-21 13:04:19','2025-05-08 13:28:34','edit    '),(284,'Sakmane niwana',19,64,'9789551255480',1,'2025-04-21 13:05:13','2025-05-08 02:00:09','edit    '),(285,'Widasun Upades',3,64,'9558832200',1,'2025-04-21 13:05:52',NULL,'edit    '),(286,'Pawathma ha Nawathma',2,64,'9551255127',1,'2025-04-21 13:06:31',NULL,'edit    '),(287,'Karma chakrayen Dharma chakrayata',2,64,'9789551255473',1,'2025-04-21 13:07:19',NULL,'edit    '),(288,'Uththarithara Hudakalawa',19,64,'9558832197',1,'2025-04-21 13:08:04','2025-05-08 02:00:09','edit    '),(289,'Kaye kathawa',19,64,'9789551255459',1,'2025-04-21 13:08:40','2025-05-08 02:00:09','edit    '),(290,'Sakmane Niwana',19,64,'9789551255480',1,'2025-04-21 13:09:16',NULL,'edit    '),(291,'Pahan kanuwa Dharma deshana: 9',2,64,'95512550602',1,'2025-04-21 13:10:09',NULL,'edit    '),(292,'Sammaditthi suthraya',127,248,'9781500533458',1,'2025-04-21 13:11:18',NULL,'edit    '),(293,'Mae Chee Kaew',39,249,'9786119020504',1,'2025-04-21 13:13:11',NULL,'edit    '),(294,'Nibbedhika suthraya',127,250,'9786249512917',1,'2025-04-21 13:14:09',NULL,'edit    '),(295,'Bosath owadan',2,251,'edit',2,'2025-04-21 13:14:59',NULL,'edit    '),(296,'Bojjhanga: The Buddhist way of enhancing health',127,252,'edit',1,'2025-04-21 13:17:01',NULL,'edit    '),(297,'Amagangula Sadaham Eliya',2,253,'9789556616323',1,'2025-04-21 13:18:24',NULL,'edit    '),(298,'Budu samaya pudgalaya ha samajaya',19,64,'9789551255299',1,'2025-04-21 13:19:40','2025-05-08 02:00:09','edit    '),(299,'Achchariya manusso',19,235,'9786245524006',1,'2025-04-23 20:03:25','2025-05-08 02:00:09','edit    '),(300,'Kosala Raja sihina ',19,254,'edit',1,'2025-04-23 20:04:21','2025-05-08 02:00:09','edit    '),(301,'Niwena maga',19,255,'edit',1,'2025-04-23 20:05:46','2025-05-08 02:00:09','edit    '),(302,'MAha gopalaka suthraya',127,256,'edit',1,'2025-04-23 20:07:03','2025-05-08 02:02:03','edit    '),(303,'Sothapaththi',3,257,'9789551384067',1,'2025-04-23 20:08:19','2025-05-08 01:59:06','edit'),(304,'Nuwana diyunuwana kramaya',19,258,'edit',1,'2025-04-24 01:33:29','2025-05-08 02:00:09','edit'),(305,'Sithata sahana dena budu bana',19,238,'edit',1,'2025-04-24 01:34:12','2025-05-08 13:28:34','edit'),(306,'Yogawacharopadeshaya',3,60,'9789554877030',1,'2025-04-24 01:35:11','2025-05-08 13:28:34','edit'),(307,'Wisdom',19,261,'edit',1,'2025-04-24 01:35:58','2025-05-08 02:00:09','edit'),(308,'MAma budu dahama dakina hati',19,262,'edit',1,'2025-04-24 01:36:52','2025-05-08 02:00:09','edit    '),(309,'Wimukthi sadaham pradipaya',19,263,'edit',1,'2025-04-24 01:37:45','2025-05-08 02:00:09','edit'),(310,'Wipassana deshana margaya',3,264,'edit',1,'2025-04-24 01:38:36','2025-05-08 01:59:06','edit    '),(311,'Maharahathun wadi maga osse 1',19,265,'9789551118068',1,'2025-04-24 01:40:32','2025-05-08 02:00:09','edit    '),(312,'Maharahathun wedi maga osse 2',19,265,'9789551118075',2,'2025-04-24 01:41:21','2025-05-08 13:28:34','edit    '),(313,'MAharahathun wedi maga osse 3',19,265,'9789551118099',1,'2025-04-24 01:42:09','2025-05-08 13:28:34','edit    '),(314,'Atharaman novimata',19,235,'9789550614523',1,'2025-04-24 01:42:53','2025-05-08 13:28:34','edit    '),(315,'Podi hamuduruwange bhawana satahan',3,269,'9789553052292',1,'2025-04-24 01:43:43','2025-05-08 01:59:06','edit'),(316,'Sansun manasakin noselena niwanata',19,270,'9789553040961',1,'2025-04-24 01:46:45','2025-05-08 02:00:09','edit    '),(317,'Atamasthanaya',19,271,'edit',1,'2025-04-24 01:48:20','2025-05-08 02:00:09','edit    '),(318,'Niwan dekimata maga pada genima saha roga walakwa genime uthum maga bhawanawa',3,272,'edit',1,'2025-04-24 01:49:41','2025-05-08 01:59:06','edit    '),(319,'Sadaham minimuthu',19,273,'edit',1,'2025-04-24 01:50:45','2025-05-08 02:00:09','edit    '),(320,'Sundara wu niwan maga ',19,274,'edit',1,'2025-04-24 01:51:32',NULL,'edit    '),(321,'The basic method of meditation ',3,275,'edit',1,'2025-04-24 01:53:21',NULL,'edit'),(322,'Malak wage oba pipenna 2000',2,276,'edit',1,'2025-04-24 01:54:17',NULL,'edit'),(323,'Lassana weeme keti maga',32,277,'edit',1,'2025-04-24 01:55:01',NULL,'edit'),(324,'Living meditation living insight',3,278,'edit',1,'2025-04-24 01:56:17','2025-05-08 01:59:06','edit    '),(325,'Budu samindu deka ganimu',19,235,'edit',1,'2025-04-24 01:56:57',NULL,'edit    '),(326,'Budubawa pathana balangoda Ananda maithreeya mahanahimi',39,279,'9789559532812',1,'2025-04-24 01:58:21',NULL,'edit    '),(327,'Silmatha kayiw',39,280,'9789559098898',1,'2025-04-24 01:59:51',NULL,'edit'),(328,'Somawathi budures wehera',19,281,'edit',1,'2025-04-24 02:00:54','2025-05-08 02:00:09','edit    '),(329,'Sathya soya yama',19,235,'edit',1,'2025-04-24 02:01:28','2025-05-08 02:00:09','edit    '),(330,'Aghatha patiwinaya suthraya',19,257,'edit',1,'2025-04-24 02:02:24','2025-05-08 13:28:34','edit    '),(331,'Widarshana bhawana',3,283,'9558663026',1,'2025-04-24 02:03:28',NULL,'edit'),(332,'Chiththa samadhi ',3,284,'9789558189092',1,'2025-04-24 02:04:04',NULL,'edit    '),(333,'Rogasuwayata bhawana',3,285,'edit',1,'2025-04-24 02:04:48',NULL,'edit    '),(334,'Obe sitha samaga pilisandarak',3,235,'edit',1,'2025-04-24 02:05:24','2025-05-08 13:28:34','edit    '),(335,'Niwanata maga kusal sithai',3,287,'9555733686',1,'2025-04-24 02:07:02',NULL,'edit    '),(336,'Lowthuru niwan maga',19,272,'edit',1,'2025-04-24 18:47:11','2025-05-08 13:28:34','edit'),(337,'Niwan maga ',19,253,'9789556616064',1,'2025-04-24 18:49:32',NULL,'edit'),(338,'Meththa',19,257,'9789551384050',1,'2025-04-24 18:57:10',NULL,'edit    '),(339,'Metherin etherata',19,253,'9789556616026',1,'2025-04-24 18:57:55','2025-05-08 13:28:34','edit'),(340,'sansara charika',19,238,'edit',1,'2025-04-24 18:58:40',NULL,'edit'),(341,'Sinhala Dhammapadaya',2,290,'955210923X',1,'2025-04-24 18:59:28',NULL,'edit    '),(342,'NIwannata bhawa giman Desu sadaham niwan',19,235,'9789550614820',1,'2025-04-24 19:00:26',NULL,'edit'),(343,'Sithathula athi nirwanaya',3,160,'9551451198',1,'2025-04-24 19:01:24',NULL,'edit'),(344,'Asha thula sirawunu sitha bhawanawen vimukthiyata',3,291,'95565700701',1,'2025-04-24 19:02:29',NULL,'edit    '),(345,'sebe basin mema setha salasewa',19,235,'9789550614301',1,'2025-04-24 19:03:25','2025-05-08 13:28:34','edit    '),(346,'Sithata ahara ',3,26,'9552402395',1,'2025-04-24 19:04:23',NULL,'edit'),(347,'Gihigei oba ai ',19,235,'9789550614387',1,'2025-04-24 19:05:07','2025-05-08 13:28:34','edit    '),(348,'Rahathunge dharma sakachcha',19,235,'9789550614677',1,'2025-04-24 19:05:47',NULL,'edit    '),(349,'Kiyannam senehasin miyanoyan his athin ',19,235,'9789550614172',1,'2025-04-24 19:06:31','2025-05-08 13:28:34','edit    '),(350,'Budu nethin dutu heta dawase lokaya',19,235,'9789550614561',1,'2025-04-24 19:07:10',NULL,'edit    '),(351,'Buddhuye hiru kirana ',19,235,'9789550614837',1,'2025-04-24 19:07:48',NULL,'edit    '),(352,'Manokaya saha maranaya',19,126,'edit',2,'2025-04-25 17:45:36','2025-05-08 02:00:09','edit    '),(353,'Me mohotha oba sathuya',19,257,'edit',1,'2025-04-25 17:47:15','2025-05-08 02:00:09','edit'),(354,'Patichchasamuppadaya',2,64,'9789553962607',1,'2025-04-25 17:47:52',NULL,'edit    '),(355,'Keles Aekdahas Pansiya',2,128,'9558663212',1,'2025-04-25 17:48:37',NULL,'edit    '),(356,'Abhidharma margaya',2,44,'9558663107',1,'2025-04-25 17:49:12',NULL,'edit    '),(357,'Seeking Buddho',2,132,'edit',1,'2025-04-25 17:50:21','2025-05-08 13:28:34','edit'),(358,'Sithata suwa dena bhawana',3,235,'9789550614264',2,'2025-04-25 17:50:59','2025-04-25 18:00:15','edit    '),(359,'Bhawana karana obata prashna uththara magin athwelak',3,125,'edit',1,'2025-04-25 17:52:01',NULL,'edit    '),(360,'The Anapanasati sutta',19,294,'edit',1,'2025-04-25 17:52:48',NULL,'edit    '),(361,'Sundara gamanak yamu',19,235,'9789550614578',1,'2025-04-25 17:53:26',NULL,'edit    '),(362,'Menna niyama dewaduthaya',19,235,'edit',1,'2025-04-25 17:54:17',NULL,'edit    '),(363,'Anapanasathi bhawanawa',3,60,'edit',1,'2025-04-25 17:54:48',NULL,'edit    '),(364,'Ledadukwalin athmidemu',19,235,'edit',1,'2025-04-25 17:55:16',NULL,'edit    '),(365,'Dethis maha purusha lakshana',19,295,'edit',1,'2025-04-25 17:56:08',NULL,'edit    '),(366,'Bindi: wildlife adventures',32,296,'edit',1,'2025-04-25 17:57:10','2025-05-08 02:00:41','edit    '),(367,'Manase pitara galim',19,297,'9789550600830',1,'2025-04-25 17:58:24','2025-05-08 02:00:09','edit    '),(368,'Dukase vindina karma vipaka',2,235,'9789556862119',1,'2025-04-26 01:43:36',NULL,'edit'),(369,'Duk biya nathi jiwithaya',19,298,'edit',1,'2025-04-26 01:44:44',NULL,'edit    '),(370,'Parami hewath dasa perumdam',19,104,'edit',1,'2025-04-26 01:45:25',NULL,'edit    '),(371,'Suwanda padma',19,299,'edit',1,'2025-04-26 01:45:58',NULL,'edit    '),(372,'Badha jayagath magamai yahapath',19,235,'9789550614356',1,'2025-04-26 01:46:41',NULL,'edit    '),(373,'Podi hamuduruwange bhawana satahan',3,269,'9789553052292',1,'2025-04-26 01:47:56',NULL,'edit    '),(374,'Es theth kala mathaka ',159,300,'9789554788398',1,'2025-04-26 01:48:52',NULL,'edit    '),(375,'Kamsuwa athahera niwan suwayata',19,274,'edit',2,'2025-04-26 01:49:33',NULL,'edit    '),(376,'Jiwithaye awula liha ganimu',19,274,'edit',1,'2025-04-26 01:50:15','2025-05-08 13:28:34','edit    '),(377,'Sundara wu niwan maga',19,274,'edit',1,'2025-04-26 01:50:38',NULL,'edit    '),(378,'Maranaya abhiyasa oba',19,274,'edit',1,'2025-04-26 01:51:02',NULL,'edit    '),(379,'The wonderful noble uposathaya',19,274,'edit',1,'2025-04-26 01:51:45',NULL,'edit    '),(380,'moolika bhawana athpotha',3,250,'edit',1,'2025-04-26 01:52:52','2025-05-08 13:28:34','edit    '),(381,'Asirimath sambudu nuwana',19,235,'9789550614066',1,'2025-04-26 01:53:27',NULL,'edit    '),(382,'What buddha thought',19,303,'edit',1,'2025-04-26 01:54:10',NULL,'edit    '),(383,'Sakmana',19,304,'9551569016',1,'2025-04-26 01:54:47',NULL,'edit    '),(384,'Budu samaya anuwa yamu',19,305,'9552401925',1,'2025-04-26 01:55:26',NULL,'edit    '),(385,'Wesak lipi',19,213,'edit',1,'2025-04-26 01:55:58',NULL,'edit    '),(386,'Chathurarya sathya',2,141,'9558663018',1,'2025-04-26 01:56:43',NULL,'edit    '),(387,'Kopa nowannai metha pathurannai',19,257,'edit',1,'2025-04-26 01:57:16','2025-05-08 13:28:34','edit    '),(388,'Anne Perry',32,306,'edit',1,'2025-04-26 01:58:18','2025-05-08 02:00:41','edit    '),(389,'Gems of Buddhist wisdom ',19,184,'6679920046',1,'2025-04-26 02:03:58',NULL,'edit    '),(390,'A map of journey',19,307,'9839439987',1,'2025-04-26 02:05:10',NULL,'edit    '),(391,'The wheel of truth',19,72,'9781784320041',1,'2025-04-26 02:06:07',NULL,'edit    '),(392,'Nibbana the mind stilled',19,64,'9559886428',7,'2025-04-26 02:07:04','2025-05-08 02:00:09','edit    '),(393,'The Worlds of Buddha',19,114,'9789810717940',1,'2025-04-26 02:07:57','2025-05-08 02:00:09','edit    '),(394,'Bright and shining mind in a disabled body',19,308,'edit',1,'2025-04-26 02:09:57',NULL,'edit'),(395,'Finding the missing peace',3,153,'9781784321161',3,'2025-04-26 02:10:46',NULL,'edit    '),(396,'The autobiography of a forest monk',19,309,'edit',1,'2025-04-26 02:12:53',NULL,'edit    '),(397,'A good question and good answer ',19,114,'9789810727161',1,'2025-04-26 02:13:59',NULL,'edit    '),(398,'Footprint in the dust: The life of the buddha from the most ancient sources',19,114,'9789811840159',1,'2025-04-26 02:15:44',NULL,'edit    '),(399,'The sound of silence ',3,72,'9781784320034',1,'2025-04-26 02:16:28',NULL,'edit    '),(400,'Parami: ways to cross life\'s floods  ',19,38,'edit',1,'2025-04-26 02:17:52',NULL,'edit    '),(401,'Dialogs on dhamma ',19,310,'edit',1,'2025-04-26 02:18:24',NULL,'edit    '),(402,'Straight from the heart',19,311,'edit',1,'2025-04-27 13:41:41',NULL,'edit'),(403,'Buddha dhamma for student',19,312,'edit',1,'2025-04-27 13:42:15',NULL,'edit    '),(404,'I Wonder why',19,313,'edit',1,'2025-04-27 13:43:03',NULL,'edit    '),(405,'Revisioning Buddhism',19,314,'edit',1,'2025-04-27 13:43:49',NULL,'edit    '),(406,'Dependent origination Dependent liberation',19,112,'9789557655079',1,'2025-04-27 13:44:55','2025-05-08 13:28:34','edit'),(407,'Dependent Origgination',19,112,'edit',1,'2025-04-27 13:45:52',NULL,'edit    '),(408,'Fighting for freedom within',19,316,'edit',1,'2025-04-27 13:46:51',NULL,'edit    '),(409,'A taste of freedom ',19,26,'edit',1,'2025-04-27 13:48:02',NULL,'edit    '),(410,'Simple teachings on higher truths',19,317,'9789746609982',1,'2025-04-27 13:49:30',NULL,'edit'),(411,'The dhamma way',19,318,'9789810737061',1,'2025-04-27 13:50:23',NULL,'edit    '),(412,'The Venerable phra acharn mun bhuridatta thera',19,319,'edit',1,'2025-04-27 13:52:01',NULL,'edit    '),(413,'Reflection',32,32,'',0,'2025-04-27 13:52:42','2025-05-08 13:28:34',''),(414,'Mindfulness the path to the deathlessness',3,121,'edit',1,'2025-04-27 13:55:46',NULL,'edit'),(415,'Questions and answers with Ajahn sumedo  ',19,321,'1870205081',3,'2025-04-27 13:57:03',NULL,'edit    '),(416,'The world and the heart',19,49,'9789744967404',1,'2025-04-27 13:58:00',NULL,'edit    '),(417,'Dependent arising',19,322,'9789556634235',1,'2025-04-27 13:59:15',NULL,'edit    '),(418,'The five precepts and the five ennoblers',19,323,'edit',1,'2025-04-27 14:01:05',NULL,'edit    '),(419,'The power of mindfulness',3,324,'9552400023',1,'2025-04-27 14:02:06',NULL,'edit'),(420,'Sotapattimagga: The path of the sothapanna',3,132,'edit',1,'2025-04-27 18:54:59',NULL,'edit    '),(421,'With a recelus monk living in the jungle of Sripada',19,325,'9789555363419',1,'2025-04-27 21:54:43',NULL,'edit    '),(422,'Investigating Avijja',19,326,'9786169001508',1,'2025-04-27 21:56:00',NULL,'edit    '),(423,'The imitation of buddha',19,327,'8120612477',1,'2025-04-27 21:57:18','2025-05-08 02:00:09','edit'),(424,'Gratitude to parents',19,72,'edit',1,'2025-04-27 21:57:57',NULL,'edit    '),(425,'In this life it self',19,328,'9551569020',1,'2025-04-27 21:59:08',NULL,'edit    '),(426,'Beautiful living: Buddha\'s way to prosperity wisdom and inner peace',19,329,'0977243304',1,'2025-04-27 22:01:11',NULL,'edit    '),(427,'A life of inner quality',19,330,'edit',1,'2025-04-27 22:02:32',NULL,'edit    '),(428,'In this very life: The liberation teachings of the buddha ',19,331,'9552400945',1,'2025-04-27 22:03:49',NULL,'edit    '),(429,'Just seeing: insight meditation and sense perception ',19,332,'9789552403200',1,'2025-04-27 22:05:45',NULL,'edit    '),(430,'The Buddha and his teachings ',19,333,'edit',1,'2025-04-27 22:08:48',NULL,'edit    '),(431,'Bhahma Net Sutra',32,100,'edit',1,'2025-04-27 22:09:58','2025-05-08 02:00:41','edit    '),(432,'The ballad of liberation from the khandhas',19,334,'edit',1,'2025-04-27 22:12:08',NULL,'edit    '),(433,'Reading the mind',19,335,'edit',1,'2025-04-27 22:12:59',NULL,'edit    '),(434,'Dighajanu',19,336,'9786249696709',1,'2025-04-27 22:13:57',NULL,'edit    '),(435,'A Heart released',19,337,'edit',1,'2025-04-27 22:15:27',NULL,'edit    '),(436,'Snow in the summer ',19,338,'edit',1,'2025-04-27 22:16:02',NULL,'edit    '),(437,'Awareness It Self ',19,186,'edit',1,'2025-04-27 22:17:01','2025-05-08 02:00:09','edit    '),(438,'Rude awakenings: Part 1',3,339,'edit',1,'2025-04-27 22:18:19','2025-05-08 01:59:06','edit'),(439,'Contemplation on the seven factors of awakening ',19,340,'9781908444219',1,'2025-04-27 22:19:50',NULL,'edit    '),(440,'The Flavour of dhamma',19,341,'edit',1,'2025-04-27 22:21:39','2025-05-08 02:00:09','edit    '),(441,'Entering the stream dhamma',19,342,'edit',1,'2025-04-27 22:22:44',NULL,'edit    '),(442,'What is the triple gem ',19,343,'edit',1,'2025-04-27 22:23:39',NULL,'edit    '),(443,'The four noble truths',19,72,'1870205103',1,'2025-04-27 22:24:24',NULL,'edit    '),(444,'Abhidharmartha pradipika 4',19,344,'edit',4,'2025-04-27 22:25:27',NULL,'edit    '),(445,'Sinhala Vishuddhi Margaya',19,345,'edit',1,'2025-04-27 22:27:13',NULL,'edit    '),(446,'Fistful of sand',19,346,'edit',1,'2025-04-27 22:28:08',NULL,'edit    '),(447,'In simple terms ',19,76,'edit',1,'2025-04-27 22:28:57','2025-05-08 02:00:09','edit    '),(448,'The wonderful noble uposathaya: based on visaka sutta',19,347,'edit',1,'2025-04-27 22:30:37',NULL,'edit'),(449,'The sansoni report on the TULF and Tigers',32,32,'edit',1,'2025-04-27 22:32:08','2025-05-08 13:28:34','edit    '),(450,'Bild the village and you bild the country',32,349,'edit',1,'2025-04-27 22:33:21','2025-05-08 02:00:41','edit'),(451,'Some impressions of Sri Lanka ',32,32,'edit',1,'2025-04-27 22:34:28','2025-05-08 13:28:34','edit    '),(452,'Peace and Dignity for all',32,351,'edit',1,'2025-04-27 22:37:08','2025-05-08 02:00:41','edit    '),(453,'Facts of life ',19,4,'edit',1,'2025-04-27 22:37:44',NULL,'edit    '),(454,'The story man ',32,352,'edit',1,'2025-04-27 22:38:36','2025-05-08 02:00:41','edit'),(455,'MAhadanamuththa and Andare ',167,353,'edit',1,'2025-04-27 22:39:27',NULL,'edit'),(456,'Sri Lanka the truth about discrimination Agains the Tamil',32,354,'edit',1,'2025-04-27 22:41:22','2025-05-08 02:00:41','edit'),(457,'Let us tread the path of nonviolence to peace',19,355,'edit',1,'2025-04-27 22:42:41',NULL,'edit'),(458,'Towards and inner peace ',19,356,'edit',1,'2025-04-27 22:43:30',NULL,'edit'),(459,'With a recluse monk living in the jungle of Sripada ',19,357,'9789555363402',1,'2025-04-27 22:44:35',NULL,'edit    '),(460,'From topsy turvydom to Wisdom ',19,64,'9551255003',1,'2025-04-27 22:45:32',NULL,'edit'),(461,'Seeing through: A guide to insight meditation ',3,64,'edit',1,'2025-04-27 22:46:23',NULL,'edit    '),(462,'Niwana oba langamaya',19,358,'edit',1,'2025-05-01 13:43:29',NULL,'edit    '),(463,'Dharma vinishchaya',19,142,'9558663220',1,'2025-05-01 13:44:08',NULL,'edit    '),(464,'Chalana chithraya',19,359,'9559886436',1,'2025-05-01 13:44:47',NULL,'edit'),(465,'Pahan kanuwa deshana',19,64,'edit',1,'2025-05-01 13:45:14',NULL,'edit'),(466,'Food for the thinking mind',3,360,'edit',1,'2025-05-01 13:46:08',NULL,'edit    '),(467,'Sakmane niwana',19,64,'9789553962102',1,'2025-05-01 13:46:43',NULL,'edit'),(468,'Samawathaka samaya',19,361,'edit',1,'2025-05-01 13:47:23',NULL,'edit    '),(469,'Kaya anuwa giya sihiya',3,64,'9551255038',1,'2025-05-01 13:47:54',NULL,'edit    '),(470,'Insight in to the truth',19,362,'edit',3,'2025-05-01 13:48:55','2025-05-01 14:01:07','edit'),(471,'Maha Si Vipassana bhawana kramaya',3,126,'edit',1,'2025-05-01 13:49:40',NULL,'edit    '),(472,'Maha si Vipassana Bhawana kramaya',3,169,'edit',1,'2025-05-01 13:50:38',NULL,'edit'),(473,'Patthana niddesawaraya',3,363,'edit',1,'2025-05-01 13:51:18',NULL,'edit    '),(474,'Budu dahame Adyathmaya',19,45,'9558414220',1,'2025-05-01 13:57:22',NULL,'edit    '),(475,'Meditation ',3,362,'97895567127730',1,'2025-05-01 13:58:12',NULL,'edit'),(476,'The autobiography of Phra Ajaan Lee',39,53,'edit',2,'2025-05-01 13:59:34','2025-05-08 02:01:00','edit'),(477,'Sabbasawa Sutta',19,256,'9789555165907',1,'2025-05-01 14:00:26',NULL,'edit'),(478,'Ten Ferfections ',19,362,'9559767704',1,'2025-05-01 14:02:25',NULL,'edit    '),(479,'Awareness itself',19,186,'edit',1,'2025-05-01 14:03:09',NULL,'edit    '),(480,'Samma Sambuddho',19,362,'edit',1,'2025-05-01 14:03:49',NULL,'edit'),(481,'Voice of Dhamma',19,364,'edit',1,'2025-05-01 14:06:55',NULL,'edit    '),(482,'Ancient Wisdom Modern World',19,52,'0349112541',1,'2025-05-01 14:07:52',NULL,'edit'),(483,'The book of Mormon',32,365,'edit',1,'2025-05-01 14:09:12','2025-05-08 02:00:41','edit    '),(484,'Living in peace ',19,366,'9559801600',1,'2025-05-01 14:10:00',NULL,'edit'),(485,'His holiness the Dalai lama',19,367,'0002200457',2,'2025-05-01 14:11:00','2025-05-01 14:12:18','edit    '),(486,'Confuse from the heart ',32,368,'9780330425353',1,'2025-05-01 14:12:06','2025-05-08 02:00:41','edit    '),(487,'A Force for Good',19,369,'24681097531',1,'2025-05-01 14:13:38',NULL,'edit    '),(488,'Clarity of insight ',19,26,'edit',1,'2025-05-01 14:14:18',NULL,'edit'),(489,'The path to freedom ',19,370,'0349115818',1,'2025-05-01 14:15:12',NULL,'edit'),(490,'50 Ways to a healthy heart',32,371,'0007116004',1,'2025-05-01 14:16:32','2025-05-08 02:00:41','edit'),(491,'What is Buddhism ',19,372,'edit',1,'2025-05-01 14:17:34',NULL,'edit    '),(492,'An open heart practising compassion in everyday life',19,213,'9781444735246',1,'2025-05-01 14:18:48',NULL,'edit'),(493,'Sam\'s Story ',32,373,'9558095095',1,'2025-05-01 14:19:48','2025-05-08 02:00:41','edit'),(494,'Inner peace and happyness',19,374,'0734404522',1,'2025-05-01 14:20:54',NULL,'edit'),(495,'More stories retold from the mahawansa and chulawansa',19,375,'9552101824',1,'2025-05-01 14:22:24',NULL,'edit    '),(496,'You can live forever in paradise on earth ',19,376,'edit',1,'2025-05-01 14:23:46',NULL,'edit    '),(497,'Noble Strategy ',19,53,'edit',1,'2025-05-02 00:17:41',NULL,'edit'),(498,'A Life of inner quality',19,199,'edit',1,'2025-05-02 00:18:49',NULL,'edit    '),(499,'Kamma and the end of Kamma',19,38,'edit',1,'2025-05-02 00:19:39',NULL,'edit    '),(500,'Sri Lanka a house of common view',170,377,'edit',1,'2025-05-02 00:20:49',NULL,'edit'),(501,'Tale the letter tells ',170,349,'edit',1,'2025-05-02 00:21:36','2025-05-08 02:02:18','edit'),(502,'Sri Lanka not and indictment facts',170,349,'edit',1,'2025-05-02 00:22:21',NULL,'edit'),(503,'The facts',170,378,'edit',2,'2025-05-02 00:22:37','2025-05-08 02:02:18','edit'),(504,'Sri Lanka beyond conflict',170,379,'edit',1,'2025-05-02 00:23:47','2025-05-08 02:02:18','edit'),(505,'Tamil terrorists',170,380,'edit',1,'2025-05-02 00:24:08','2025-05-08 02:02:18','edit'),(506,'Kohomba kankariya',32,381,'edit',1,'2025-05-02 00:24:57','2025-05-08 02:00:41','edit    '),(507,'The Rajawaliya ',32,382,'edit',1,'2025-05-02 00:26:55','2025-05-08 02:00:41','edit    '),(508,'The way of the Bodhisattva ',19,383,'1570622531',1,'2025-05-02 00:33:54',NULL,'edit'),(509,'Parittas',19,384,'edit',1,'2025-05-02 00:34:32',NULL,'edit'),(510,'Now is the knowing',19,72,'edit',1,'2025-05-02 00:35:07',NULL,'edit    '),(511,'The ways of the peaceful',19,385,'edit',1,'2025-05-02 00:36:15',NULL,'edit    '),(512,'No worries',19,386,'edit',1,'2025-05-02 00:36:43',NULL,'edit    '),(513,'Buddhism in a nutshell',19,4,'edit',1,'2025-05-02 00:37:29','2025-05-08 13:24:03','edit'),(514,'The science and the art of Buddhism ',19,388,'9559758101',1,'2025-05-02 00:38:21',NULL,'edit    '),(515,'Blueprint of free inquiry and personal verification ',19,389,'edit',1,'2025-05-02 00:39:59',NULL,'edit    '),(516,'The way to true happiness ',19,390,'edit',1,'2025-05-02 00:41:04',NULL,'edit    '),(517,'Touching the earth ',19,391,'edit',1,'2025-05-02 00:41:57',NULL,'edit    '),(518,'Living Dhamma ',19,162,'edit',1,'2025-05-02 00:42:30',NULL,'edit'),(519,'Buddhism today ',19,212,'9839439812',1,'2025-05-02 01:40:13','2025-05-08 13:28:34','edit    '),(520,'Human life and problems ',19,360,'edit',1,'2025-05-02 01:41:49',NULL,'edit'),(521,'A Buddhist reflects on bringing up children ',19,393,'edit',1,'2025-05-02 01:43:49',NULL,'edit'),(522,'The Buddha\'s ancient path ',19,31,'edit',1,'2025-05-02 01:44:36',NULL,'edit    '),(523,'Towards and inner peace ',19,169,'edit',1,'2025-05-02 01:45:47',NULL,'edit    '),(524,'Gratitude to parents ',19,121,'edit',1,'2025-05-02 01:46:35','2025-05-08 13:28:34','edit'),(525,'Ummagga Jathakaya',19,395,'9789555707381',1,'2025-05-04 13:28:03',NULL,'edit    '),(526,'The Way to nibbana',19,396,'9679920321',1,'2025-05-04 13:29:05','2025-05-04 13:31:11','edit    '),(527,'A Manual of Buddhism',19,17,'9679920585',1,'2025-05-04 13:30:02',NULL,'edit'),(528,'Clarity of insight',19,26,'edit',1,'2025-05-04 13:31:43',NULL,'edit    '),(529,'This is the path',19,397,'edit',1,'2025-05-04 13:32:53',NULL,'edit    '),(530,'The natural character of awakening',19,398,'edit',1,'2025-05-04 13:34:18',NULL,'edit    '),(531,'Awreness Itself ',19,186,'edit',1,'2025-05-04 13:35:27','2025-05-08 13:28:34','edit'),(532,'Do you believe in rebirth ',19,22,'edit',1,'2025-05-04 13:36:24',NULL,'edit'),(533,'why warry',19,22,'edit',1,'2025-05-04 13:36:47','2025-05-08 13:28:34','edit'),(534,'Anantha Lakkhana Sutta: Teachings on the non self characteristic',19,401,'edit',1,'2025-05-04 13:38:40',NULL,'edit'),(535,'The triple gem and the way to social harmony',19,402,'edit',1,'2025-05-04 13:39:45',NULL,'edit'),(536,'Citta viveka Teachings from the silant mind ',3,72,'edit',1,'2025-05-04 13:40:57',NULL,'edit'),(537,'Buddhism a living message',19,31,'edit',1,'2025-05-04 13:44:45',NULL,'edit'),(538,'Refuge',19,53,'edit',2,'2025-05-04 13:45:21',NULL,'edit'),(539,'Gratitude ',19,32,'edit',1,'2025-05-04 13:46:05','2025-05-08 13:28:34','edit    '),(540,'Recolection of Ajahn cha ',19,26,'9781870205658',1,'2025-05-04 13:46:47',NULL,'edit    '),(541,'Buddho ',176,404,'edit',1,'2025-05-04 13:47:51',NULL,'edit    '),(542,'Buddhism for beginners: The life of the Buddha ',19,17,'9789556331296',1,'2025-05-04 13:48:49',NULL,'edit    '),(543,'Light of wisdom: Meditation in Pa Auk Forest Monastery ',3,405,'edit',1,'2025-05-04 14:00:55',NULL,'edit'),(544,'Towards and Inner peace ',19,406,'edit',1,'2025-05-04 14:01:36',NULL,'edit    '),(545,'Only the world ends ',19,407,'edit',1,'2025-05-04 14:02:46',NULL,'edit'),(546,'Friends on the path ',19,408,'9781870205245',1,'2025-05-04 14:03:51',NULL,'edit    '),(547,'What is the triple gem',19,409,'edit',1,'2025-05-04 14:05:04',NULL,'edit'),(548,'wat Buddha Damma Precents: This is the Path',19,410,'edit',1,'2025-05-04 14:06:21',NULL,'edit    '),(549,'To the last breath: Dhamma talks on living and dying',19,411,'9748877388',1,'2025-05-04 14:08:37',NULL,'edit'),(550,'A Collection of Buddhist Wisdom Verses',19,44,'edit',1,'2025-05-04 14:09:58',NULL,'edit    '),(551,'Meth sithe vimukthiya ',3,412,'9789551255435',1,'2025-05-04 14:11:00',NULL,'edit'),(552,'Towards a better world',19,64,'9551255046',1,'2025-05-04 14:11:51',NULL,'edit    '),(553,'Advantages of chanting and how to practice vipassana meditation ',3,413,'9748239764',1,'2025-05-04 14:13:23',NULL,'edit'),(554,'A Guide to walking meditation ',3,414,'edit',1,'2025-05-04 14:14:13',NULL,'edit    '),(555,'Curbing anger spreading love',19,415,'edit',1,'2025-05-04 14:15:30',NULL,'edit'),(556,'Seen the way ',19,416,'9780956811325',1,'2025-05-04 14:16:16',NULL,'edit    '),(557,'How to live without fear and warry',19,22,'9679920488',1,'2025-05-04 14:17:20',NULL,'edit'),(558,'Community and responsibility: Buddhist reflection on right living ',19,113,'047302327x',1,'2025-05-04 14:18:53',NULL,'edit    '),(559,'The Buddhist doctrine of life after death ',19,31,'edit',1,'2025-05-04 14:19:53',NULL,'edit    '),(560,'Present moment wonderful moment ',19,417,'8276210064',1,'2025-05-04 14:21:15',NULL,'edit'),(561,'The skill of release ',19,418,'edit',1,'2025-05-04 14:21:59',NULL,'edit'),(562,'A Manual of self awareness ',19,96,'edit',1,'2025-05-04 14:23:07','2025-05-08 13:28:34','edit    '),(563,'Cutting off the stream ',19,420,'974956605x',1,'2025-05-04 14:24:21',NULL,'edit'),(564,'Anapanasathi Suthraya',127,122,'9789554877092',5,'2025-05-08 05:09:02',NULL,'edit    '),(565,'Thalawathugoda Dharma deshana',19,445,'edit',2,'2025-05-08 05:10:04',NULL,'edit'),(566,'Niwena maga ',19,185,'edit',3,'2025-05-08 05:10:30',NULL,'edit    '),(567,'Dhathu vibhanga Suthraya ',127,122,'9789554877122',2,'2025-05-08 05:11:16',NULL,'edit'),(568,'MAhasathipatthana suthra deshanawaliya',127,401,'9789554877016',1,'2025-05-08 05:12:16',NULL,'edit    '),(569,'Mahasathipatthana suthra warnanawa ',127,446,'9552190256',1,'2025-05-08 05:13:22',NULL,'edit'),(570,'Sathipatthana vipassana bhawanawa ',3,447,'9559219462',1,'2025-05-08 05:14:19',NULL,'edit    '),(571,'Sathipatthana Bhawana vivechanaya saha thawath kruthi ',3,44,'9558663271',1,'2025-05-08 05:15:07',NULL,'edit'),(572,'Sathipatthana bhawanawa saha niwan maga ',3,448,'955655114x',1,'2025-05-08 05:15:54',NULL,'edit    '),(573,'Sanna sahitha purana mahasathipatthana suthraya',127,449,'9789555698597',1,'2025-05-08 05:16:55',NULL,'edit'),(574,'Chaththalisakara maha vipasssana bhawanawa ',3,44,'9558663182',1,'2025-05-08 05:18:22',NULL,'edit    '),(575,'Godawal pahak alla genima ',19,450,'955122227x',1,'2025-05-08 05:19:01',NULL,'edit'),(576,'KAya gena soyana maga ',3,3,'9558540986',1,'2025-05-08 05:19:40',NULL,'edit    '),(577,'Saya palaka athiwana sanyojana dakinna ',19,450,'9551222696',1,'2025-05-08 05:20:27',NULL,'edit'),(578,'Sathwa kriya karithwaya ',19,77,'9559352024',1,'2025-05-08 05:21:05',NULL,'edit    '),(579,'Seelanussathiyen opawana seelaya ',19,77,'9789556630428',1,'2025-05-08 05:21:48',NULL,'edit'),(580,'Abhidharmarha sangrahaya ',19,44,'9558663204',1,'2025-05-08 05:22:27',NULL,'edit    '),(581,'Mekala niwnu aththo ',19,451,'955866328x',1,'2025-05-08 05:23:09',NULL,'edit'),(582,'The Buddha and his teachings',11,4,'edit',1,'2025-05-08 05:23:49',NULL,'edit    '),(583,'Loweda sangarawa ',32,452,'9552100909',1,'2025-05-08 05:24:44',NULL,'edit'),(584,'Manual of Mindfulness of breathing ',3,453,'9552401941',1,'2025-05-08 05:30:03',NULL,'edit    '),(585,'Walking meditation ',3,454,'edit',1,'2025-05-08 05:30:58',NULL,'edit'),(586,'MAha sathipatthana suthraya ',127,228,'edit',1,'2025-05-08 05:31:48',NULL,'edit'),(587,'Divikathare sande andura ',19,64,'edit',1,'2025-05-08 05:32:24',NULL,'edit'),(588,'Niwana ',19,150,'9559561103',1,'2025-05-08 05:33:01',NULL,'edit    '),(589,'Vimuktha vimukthiya ',19,60,'edit',1,'2025-05-08 05:33:40',NULL,'edit    '),(590,'Vimukthi rasaya ',19,243,'9552402425',1,'2025-05-08 05:34:19',NULL,'edit    '),(591,'Anapanasathi bhawanawa 1',3,135,'edit',2,'2025-05-08 05:34:49',NULL,'edit'),(592,'Karma vipaka ',19,455,'edit',1,'2025-05-08 05:35:28',NULL,'edit'),(593,'Sathipatthana bala ',3,167,'edit2',2,'2025-05-08 05:36:01','2025-05-08 05:36:11','edit'),(594,'Ruwanmali maha seya ',19,228,'edit',1,'2025-05-08 05:36:42',NULL,'edit'),(595,'Yogawachropadeshaya ',3,60,'edit',5,'2025-05-08 05:37:08','2025-05-09 06:33:32','edit'),(596,'Leda roga maranaya saha samaya ',19,456,'edit',1,'2025-05-08 05:38:14',NULL,'edit'),(597,'Sabbhasawa suthreaye medum maga ',127,64,'9789553962478',1,'2025-05-08 05:38:59',NULL,'edit    '),(598,'Arya sathya darshanaya ',19,457,'edit',1,'2025-05-08 05:39:38',NULL,'edit    '),(599,'Sathimath bawehi balaya ',3,458,'9789552402920',1,'2025-05-08 05:40:21',NULL,'edit    '),(600,'Mithirigala Dhammawasa himige bhawana athdekim ',3,459,'edit',1,'2025-05-08 05:41:29',NULL,'edit    '),(601,'Vidarshana parapura ',3,135,'edit',1,'2025-05-08 05:41:58',NULL,'edit    '),(602,'Me Athbhawayedima ',19,401,'9789552402319',1,'2025-05-08 05:42:38',NULL,'edit    '),(603,'Vidarshana bhawanaawa ',3,258,'edit',1,'2025-05-08 05:43:08',NULL,'edit'),(604,'Yogawachara jivithayata kamatahan ',3,135,'edit',1,'2025-05-08 05:43:37',NULL,'edit'),(605,'Ariyamagga bhawana ',3,437,'9789833896066',1,'2025-05-08 05:44:21',NULL,'edit'),(606,'Wayfaring a manual for insight meditation ',19,460,'edit',1,'2025-05-08 05:45:41',NULL,'edit    '),(607,'Meditation ',3,26,'978955240944',1,'2025-05-08 05:46:25',NULL,'edit    '),(608,'Abhidhamma studies ',19,324,'0861711351',1,'2025-05-08 05:47:17',NULL,'edit    '),(609,'A manual therapy ',3,426,'edit',1,'2025-05-08 05:48:14',NULL,'edit'),(610,'Upasampada silaya',19,44,'9558663247',1,'2025-05-08 05:50:49',NULL,'edit    '),(611,'Kusala dhamma',19,228,'edit',1,'2025-05-08 11:26:06',NULL,'edit'),(612,'Girimananda suthraya',127,228,'edit',1,'2025-05-08 11:26:30',NULL,'edit'),(613,'Karmaya karma vipakaya saha punarbhawaya',19,228,'edit',1,'2025-05-08 11:27:05',NULL,'edit'),(614,'Vidarshana parapura ',3,135,'edit',1,'2025-05-08 11:27:25','2025-05-08 11:27:41','edit'),(615,'Sakman bhawanawa ',3,401,'edit',1,'2025-05-08 11:28:04',NULL,'edit'),(616,'Budu samaya pudgalaya ha samajaya',19,64,'9789551255299',1,'2025-05-08 11:28:47',NULL,'edit    '),(617,'Bhawana margaya',3,64,'9789551255367',1,'2025-05-08 11:29:17',NULL,'edit'),(618,'Punyopadesha ',19,44,'955866314x',1,'2025-05-08 11:29:48',NULL,'edit    '),(619,'Bodhi poojawa',19,44,'9558663085',1,'2025-05-08 11:30:26',NULL,'edit    '),(620,'Buddha neethi sangrahaya',19,44,'9558663174',2,'2025-05-08 11:31:01',NULL,'edit    '),(621,'Dhathu dakinata athwelak ',19,462,'9789555433907',1,'2025-05-08 11:31:49',NULL,'edit    '),(622,'Budu dahame adyathmaya: chula wedalla suthraya',19,125,'9558414018',1,'2025-05-08 11:32:48',NULL,'edit    '),(623,'Budu dahame adyathmaya: Maha mangala suthraya',19,125,'9559419129',1,'2025-05-08 11:33:35',NULL,'edit    '),(624,'Vidarshana bhawana kramaya',3,44,'edit',2,'2025-05-09 06:33:04',NULL,'edit'),(625,'Sathiye bala mahimaya ',3,167,'9789554877047',14,'2025-05-09 06:34:29',NULL,'edit    '),(626,'Sakman Bhawanawa',3,401,'edit',1,'2025-05-09 06:35:06',NULL,'edit'),(627,'Yogawachara marga upadeshanaya',3,463,'edit',1,'2025-05-09 06:36:13',NULL,'edit'),(628,'Ilanga upatha apayaka nowannata ',19,77,'9789556632378',1,'2025-05-09 06:37:29',NULL,'edit    '),(629,'Dawasata warakwath budu guna sihi karamu ',19,228,'edit',1,'2025-05-09 06:38:18',NULL,'edit'),(630,'Bhawanawa ',3,464,'edit',1,'2025-05-09 06:39:11',NULL,'edit'),(631,'Manichora Jathakaya ',19,228,'edit',1,'2025-05-09 06:40:06',NULL,'edit'),(632,'Sakmana ',3,401,'9551569016',1,'2025-05-09 06:40:53',NULL,'edit'),(633,'Kamatahan deshana ',3,135,'edit',1,'2025-05-09 06:41:28',NULL,'edit'),(634,'Vipassana pelagesma ',3,123,'edit',1,'2025-05-09 06:44:00',NULL,'edit'),(635,'Budu guna bhawanawa ',3,228,'edit',1,'2025-05-09 06:44:20',NULL,'edit'),(636,'Siyapatha siyapena ',19,401,'edit',1,'2025-05-09 06:44:46',NULL,'edit'),(637,'Vichara dhara ',19,465,'9789550042142',1,'2025-05-09 06:45:31',NULL,'edit    '),(638,'Saraniya dhamma chintha ',19,465,'9789550042135',1,'2025-05-09 06:46:19',NULL,'edit    '),(639,'Pragnawa ha awabodaya saha vidarshana bhawanawa ',3,32,'edit',1,'2025-05-09 06:47:20',NULL,'edit    '),(640,'Nirwana vinishchaya ',19,1,'9558663239',1,'2025-05-09 06:48:30',NULL,'edit'),(641,'Here and now ',19,466,'9781639445011',3,'2025-05-09 06:49:39','2025-05-09 06:49:46','edit'),(642,'Entrance to Buddhism ',19,467,'edit',3,'2025-05-09 06:50:50','2025-05-09 06:52:32','edit'),(643,'Walking the Thightrope',19,468,'9788027098552',1,'2025-05-09 06:52:23',NULL,'edit    '),(644,'Kamma Vipaka ',19,469,'edit',1,'2025-05-09 06:53:07',NULL,'edit');
/*!40000 ALTER TABLE `tblbooks` ENABLE KEYS */;

--
-- Table structure for table `tblcategory`
--

DROP TABLE IF EXISTS `tblcategory`;
/*!40101 SET @saved_cs_client     = @@character_set_client */;
/*!40101 SET character_set_client = utf8 */;
CREATE TABLE `tblcategory` (
  `id` int NOT NULL AUTO_INCREMENT,
  `CategoryName` varchar(150) DEFAULT NULL,
  `Status` int DEFAULT NULL,
  `CreationDate` timestamp NULL DEFAULT CURRENT_TIMESTAMP,
  `UpdationDate` timestamp NULL DEFAULT '0000-00-00 00:00:00' ON UPDATE CURRENT_TIMESTAMP,
  PRIMARY KEY (`id`)
) ENGINE=InnoDB AUTO_INCREMENT=177 DEFAULT CHARSET=latin1;
/*!40101 SET character_set_client = @saved_cs_client */;

--
-- Dumping data for table `tblcategory`
--

/*!40000 ALTER TABLE `tblcategory` DISABLE KEYS */;
INSERT INTO `tblcategory` VALUES (1,'Buddhist Philosophy',1,'2024-10-14 11:59:41','0000-00-00 00:00:00'),(2,'Dhamma Teachings',1,'2024-10-14 12:06:44','0000-00-00 00:00:00'),(3,'Meditation',1,'2024-10-14 12:54:02','0000-00-00 00:00:00'),(6,'Death',1,'2025-03-20 02:42:13','0000-00-00 00:00:00'),(8,'Mind Analysis',1,'2025-03-20 02:44:26','0000-00-00 00:00:00'),(11,'Buddhist teachings',1,'2025-03-23 09:26:54','0000-00-00 00:00:00'),(12,'Mindfulness. Equanimity',1,'2025-03-23 09:37:11','0000-00-00 00:00:00'),(13,'Dhamma Teachings. Letters',1,'2025-03-23 09:39:58','0000-00-00 00:00:00'),(14,'Buddhist stories',1,'2025-03-23 09:43:32','0000-00-00 00:00:00'),(15,'Food',1,'2025-03-25 03:50:58','0000-00-00 00:00:00'),(19,'Buddhism',1,'2025-03-28 05:48:30','0000-00-00 00:00:00'),(32,'edit',1,'2025-03-28 09:11:37','0000-00-00 00:00:00'),(39,'Biography',1,'2025-03-28 12:27:09','0000-00-00 00:00:00'),(43,'Sinhalese Poems',1,'2025-03-28 13:13:52','0000-00-00 00:00:00'),(44,'Morality',1,'2025-03-28 13:48:26','0000-00-00 00:00:00'),(58,'Positive thinking',1,'2025-04-08 23:43:39','0000-00-00 00:00:00'),(59,'Historical temples',1,'2025-04-08 23:50:37','0000-00-00 00:00:00'),(83,'Children\'s Books',1,'2025-04-10 02:43:34','0000-00-00 00:00:00'),(84,'English Language',1,'2025-04-10 02:50:03','0000-00-00 00:00:00'),(85,'About Sri Lanka',1,'2025-04-10 02:52:55','0000-00-00 00:00:00'),(103,'Buddhist teaching        ',1,'2025-04-10 12:04:00','0000-00-00 00:00:00'),(115,'Sri Lankan War',1,'2025-04-11 23:19:35','0000-00-00 00:00:00'),(118,'Christian',1,'2025-04-11 23:53:58','0000-00-00 00:00:00'),(127,'Sutta',1,'2025-04-21 04:58:13','0000-00-00 00:00:00'),(128,'The Universal ',1,'2025-04-21 12:08:07','0000-00-00 00:00:00'),(131,'deva',1,'2025-04-21 22:56:22','0000-00-00 00:00:00'),(133,'Dhamma deshana',1,'2025-04-21 22:59:22','0000-00-00 00:00:00'),(159,'Novel',1,'2025-04-26 11:48:52','0000-00-00 00:00:00'),(167,'Story',1,'2025-04-28 08:39:27','0000-00-00 00:00:00'),(170,'Sri Lanka ',1,'2025-05-02 10:20:49','0000-00-00 00:00:00');
/*!40000 ALTER TABLE `tblcategory` ENABLE KEYS */;

--
-- Table structure for table `tblissuedbookdetails`
--

DROP TABLE IF EXISTS `tblissuedbookdetails`;
/*!40101 SET @saved_cs_client     = @@character_set_client */;
/*!40101 SET character_set_client = utf8 */;
CREATE TABLE `tblissuedbookdetails` (
  `id` int NOT NULL AUTO_INCREMENT,
  `BookId` int DEFAULT NULL,
  `StudentID` varchar(150) DEFAULT NULL,
  `IssuesDate` timestamp NULL DEFAULT CURRENT_TIMESTAMP,
  `ReturnDate` timestamp NULL DEFAULT NULL ON UPDATE CURRENT_TIMESTAMP,
  `RetrunStatus` int DEFAULT NULL,
  `fine` int DEFAULT NULL,
  PRIMARY KEY (`id`)
) ENGINE=InnoDB DEFAULT CHARSET=latin1;
/*!40101 SET character_set_client = @saved_cs_client */;

--
-- Dumping data for table `tblissuedbookdetails`
--

/*!40000 ALTER TABLE `tblissuedbookdetails` DISABLE KEYS */;
/*!40000 ALTER TABLE `tblissuedbookdetails` ENABLE KEYS */;

--
-- Table structure for table `tblstudents`
--

DROP TABLE IF EXISTS `tblstudents`;
/*!40101 SET @saved_cs_client     = @@character_set_client */;
/*!40101 SET character_set_client = utf8 */;
CREATE TABLE `tblstudents` (
  `id` int NOT NULL AUTO_INCREMENT,
  `StudentId` varchar(100) DEFAULT NULL,
  `FullName` varchar(120) DEFAULT NULL,
  `EmailId` varchar(120) DEFAULT NULL,
  `MobileNumber` char(11) DEFAULT NULL,
  `Password` varchar(120) DEFAULT NULL,
  `Status` int DEFAULT NULL,
  `RegDate` timestamp NULL DEFAULT CURRENT_TIMESTAMP,
  `UpdationDate` timestamp NULL DEFAULT NULL ON UPDATE CURRENT_TIMESTAMP,
  PRIMARY KEY (`id`),
  UNIQUE KEY `StudentId` (`StudentId`)
) ENGINE=InnoDB DEFAULT CHARSET=latin1;
/*!40101 SET character_set_client = @saved_cs_client */;

--
-- Dumping data for table `tblstudents`
--

/*!40000 ALTER TABLE `tblstudents` DISABLE KEYS */;
/*!40000 ALTER TABLE `tblstudents` ENABLE KEYS */;

--
-- Dumping routines for database 'library'
--
/*!40103 SET TIME_ZONE=@OLD_TIME_ZONE */;

/*!40101 SET SQL_MODE=@OLD_SQL_MODE */;
/*!40014 SET FOREIGN_KEY_CHECKS=@OLD_FOREIGN_KEY_CHECKS */;
/*!40014 SET UNIQUE_CHECKS=@OLD_UNIQUE_CHECKS */;
/*!40101 SET CHARACTER_SET_CLIENT=@OLD_CHARACTER_SET_CLIENT */;
/*!40101 SET CHARACTER_SET_RESULTS=@OLD_CHARACTER_SET_RESULTS */;
/*!40101 SET COLLATION_CONNECTION=@OLD_COLLATION_CONNECTION */;
/*!40111 SET SQL_NOTES=@OLD_SQL_NOTES */;

-- Dump completed on 2025-05-14  0:10:15
